cidade;populacao
abadia de goias;22918
abadia dos dourados;6326
abadiania;17835
abaete;23185
abaetetuba;173638
abaiara;10258
abaira;7366
abare;18303
abatia;7201
abdon batista;2628
abel figueiredo;6250
abelardo luz;17797
abre campo;14395
abreu e lima;104527
abreulandia;2695
acaiaca;4000
acailandia;110703
acajutiba;14187
acara;63503
acarape;14374
acarau;69848
acari;10846
acaua;6309
acegua;4251
acopiara;45673
acorizal;4907
acrelandia;14762
acreuna;22161
acucena;8862
adamantina;35701
adelandia;2268
adolfo;4529
adrianopolis;6312
adustina;14470
afogados da ingazeira;42915
afonso bezerra;11165
afonso claudio;32479
afonso cunha;6309
afranio;19464
afua;40692
agrestina;24740
agricolandia;5010
agrolandia;11798
agronomica;6453
agua azul do norte;17246
agua boa;12245
agua branca;18269
agua clara;18143
agua comprida;2176
agua doce;6547
agua doce do maranhao;12474
agua doce do norte;12610
agua fria;14798
agua fria de goias;4967
agua limpa;1831
agua nova;3030
agua preta;26760
agua santa;4003
aguai;32884
aguanil;4527
aguas belas;43922
aguas da prata;7457
aguas de chapeco;6118
aguas de lindoia;18277
aguas de santa barbara;7508
aguas de sao pedro;2933
aguas formosas;18859
aguas frias;3036
aguas lindas de goias;249978
aguas mornas;7301
aguas vermelhas;14643
agudo;16347
agudos;39084
agudos do sul;10891
aguia branca;10183
aguiar;4993
aguiarnopolis;4469
aimores;26257
aiquara;4627
aiuaba;14015
aiuruoca;6397
ajuricaba;6843
alagoa;2823
alagoa grande;26544
alagoa nova;21916
alagoinha;14159
alagoinha do piaui;6853
alagoinhas;161682
alambari;6411
albertina;3031
alcantara;18675
alcantaras;11834
alcantil;5833
alcinopolis;4651
alcobaca;25769
aldeias altas;23772
alecrim;6219
alegre;30693
alegrete;74285
alegrete do piaui;4696
alegria;3705
alem paraiba;30994
alenquer;76889
alexandria;14073
alexania;28474
alfenas;82637
alfredo chaves;14376
alfredo marcondes;4591
alfredo vasconcelos;7285
alfredo wagner;11061
algodao de jandaira;3179
alhandra;23318
alianca;37328
alianca do tocantins;5172
almadina;5267
almas;6428
almeirim;36545
almenara;42137
almino afonso;4799
almirante tamandare;127031
almirante tamandare do sul;2007
aloandia;1971
alpercata;7009
alpestre;7235
alpinopolis;18673
alta floresta;63017
alta floresta d oeste;22724
altair;3456
altamira;140450
altamira do maranhao;6534
altamira do parana;3452
altaneira;6977
alterosa;14291
altinho;21087
altinopolis;17234
alto alegre;24135
alto alegre do maranhao;24515
alto alegre do pindare;26241
alto alegre dos parecis;12213
alto araguaia;17888
alto bela vista;1834
alto boa vista;5966
alto caparao;6043
alto do rodrigues;12890
alto feliz;3145
alto garcas;14201
alto horizonte;6595
alto jequitiba;8615
alto longa;13723
alto paraguai;7335
alto paraiso;17471
alto paraiso de goias;11421
alto parana;14198
alto parnaiba;11401
alto piquiri;9744
alto rio doce;10871
alto rio novo;7772
alto santo;14327
alto taquari;12136
altonia;18525
altos;50509
aluminio;17621
alvaraes;16938
alvarenga;3961
alvares florence;3980
alvares machado;28508
alvaro de carvalho;4906
alvinlandia;2915
alvinopolis;15355
alvorada;9161
alvorada d oeste;13611
alvorada de minas;4393
alvorada do gurgueia;5488
alvorada do norte;8640
alvorada do sul;10483
amajari;16647
amambai;42071
amapa;8447
amapa do maranhao;7395
amapora;4646
amaraji;18209
amaral ferrador;5384
amaralina;3254
amarante;17602
amarante do maranhao;38337
amargosa;38656
amatura;11633
amelia rodrigues;24814
america dourada;15566
americana;248392
americano do brasil;5239
americo brasiliense;33663
americo de campos;5986
ametista do sul;7813
amontada;44814
amorinopolis;2861
amparo;2340
amparo do sao francisco;2199
amparo do serra;4554
ampere;20479
anadia;14157
anage;26772
anahy;2973
anajas;30482
anajatuba;26275
analandia;4703
anama;9981
ananas;10736
ananindeua;510563
anapolis;424647
anapu;36304
anapurus;14115
anastacio;24820
anaurilandia;7643
anchieta;33397
andarai;13557
andira;19944
andorinha;15496
andradas;42708
andradina;61761
andre da rocha;1156
andrelandia;12157
angatuba;24628
angelandia;7839
angelica;11408
angelim;10600
angelina;5489
angical;14183
angical do piaui;7000
angico;2889
angicos;11997
angra dos reis;179152
anguera;11521
angulo;3380
anhanguera;906
anhembi;5767
anhumas;4126
anicuns;18172
anisio de abreu;9665
anita garibaldi;8311
anitapolis;3792
anori;18135
anta gorda;6080
antas;14915
antonina;18091
antonina do norte;7529
antonio almeida;3240
antonio cardoso;11494
antonio carlos;11356
antonio dias;9362
antonio goncalves;11258
antonio joao;9790
antonio martins;6722
antonio olinto;7027
antonio prado;13332
antonio prado de minas;1545
aparecida;8286
aparecida d oeste;4101
aparecida de goiania;560996
aparecida do rio doce;3078
aparecida do rio negro;5152
aparecida do taboado;30189
aperibe;11429
apiaca;7438
apiacas;8693
apiai;24831
apicum acu;17693
apiuna;10061
apodi;37574
apora;16344
apore;4524
apuarema;7090
apucarana;135481
apui;21971
apuiares;13167
aquidaba;20570
aquidauana;48810
aquiraz;85865
arabuta;4522
aracagi;16972
aracai;2220
aracaju;623328
aracariguama;22448
aracas;11960
aracati;79636
aracatu;14456
aracatuba;208987
araci;50282
aracitaba;2096
aracoiaba;26806
aracoiaba da serra;33989
aracruz;104304
aracu;3838
aracuai;35124
aragarcas;18599
aragoiania;13053
aragominas;5302
araguacema;6006
araguacu;8213
araguaiana;4059
araguaina;184495
araguainha;989
araguana;4263
araguapaz;7122
araguari;123959
araguatins;33364
araioses;40190
aral moreira;11163
aramari;10091
arambare;4215
arame;27782
aramina;5543
arandu;7099
arantina;3004
arapei;2350
arapiraca;243998
arapoema;5425
araponga;8217
arapongas;125767
arapora;9196
arapoti;26321
arapua;2662
araputanga;14756
araquari;53939
arara;12469
ararangua;77625
araraquara;254508
araras;136113
ararenda;11576
arari;30585
ararica;8831
araripe;20166
araripina;90873
araruama;137922
araruna;17282
arataca;10405
aratiba;6618
aratuba;11396
aratuipe;9003
araua;10445
araucaria;164291
araujos;9708
araxa;119834
arceburgo;9323
arco iris;2092
arcos;43941
arcoverde;82933
areado;14245
areal;12213
arealva;8299
areia;22983
areia branca;24573
areia de baraunas;2017
areial;7473
areias;3614
areiopolis;10229
arenapolis;10791
arenopolis;2879
arez;13703
argirita;2706
aricanduva;4820
arinos;17574
aripuana;27101
ariquemes;109731
ariranha;7592
ariranha do ivai;2346
armacao dos buzios;44365
armazem;9388
arneiroz;7611
aroazes;5395
aroeiras;19136
aroeiras do itaim;2787
arraial;4510
arraial do cabo;32835
arraias;10500
arroio do meio;22524
arroio do padre;2650
arroio do sal;11419
arroio do tigre;12290
arroio dos ratos;14934
arroio grande;17879
arroio trinta;3640
artur nogueira;53686
aruana;8623
aruja;90644
arvoredo;2646
arvorezinha;10547
ascurra;8804
aspasia;1876
assai;13320
assare;22180
assis;105051
assis brasil;8716
assis chateaubriand;38591
assu;59278
assuncao;4423
assuncao do piaui;7595
astolfo dutra;14697
astorga;26262
atalaia;38461
atalaia do norte;15920
atalanta;3263
ataleia;13907
atibaia;168162
atilio vivacqua;11078
augustinopolis;18341
augusto correa;48216
augusto de lima;4553
augusto pestana;7303
aurea;3458
aurelino leal;11276
auriflama;13841
aurilandia;3209
aurora;24223
aurora do para;24070
aurora do tocantins;3415
autazes;46641
avai;4489
avanhandava;11435
avare;96764
aveiro;19531
avelino lopes;11129
avelinopolis;3021
axixa;12101
axixa do tocantins;10799
babaculandia;7498
bacabal;107874
bacabeira;17498
bacuri;16957
bacurituba;5376
bady bassitt;29738
baependi;18796
bage;121929
bagre;35640
baia da traicao;9830
baia formosa;9131
baianopolis;14163
baiao;57717
baixa grande;18579
baixa grande do ribeiro;14114
baixio;5810
baixo guandu;32930
balbinos;3975
baldim;7577
baliza;3279
balneario arroio do silva;18343
balneario barra do sul;17533
balneario camboriu;154525
balneario gaivota;18651
balneario picarras;31604
balneario pinhal;15413
balneario rincao;18155
balsa nova;13994
balsamo;9946
balsas;106332
bambui;24258
banabuiu;17679
bananal;10089
bananeiras;24271
bandeira;4800
bandeira do sul;6218
bandeirante;3287
bandeirantes;31690
bandeirantes do tocantins;3575
bannach;4327
banzae;12270
barao;6496
barao de antonina;3644
barao de cocais;32424
barao de cotegipe;7320
barao de grajau;19524
barao de melgaco;7071
barao do monte alto;4915
barao do triunfo;5972
barauna;28552
barbacena;129757
barbalha;82602
barbosa;5598
barbosa ferraz;10465
barcarena;140756
barcelona;4112
barcelos;17805
bariri;32406
barra;53745
barra bonita;35102
barra d alcantara;4107
barra da estiva;27890
barra de guabiraba;12587
barra de santa rosa;12959
barra de santana;8241
barra de santo antonio;16764
barra de sao francisco;45574
barra de sao miguel;6144
barra do bugres;29238
barra do chapeu;5252
barra do choca;38671
barra do corda;87830
barra do garcas;75524
barra do guarita;3231
barra do jacare;2877
barra do mendes;14404
barra do ouro;4691
barra do pirai;98508
barra do quarai;4340
barra do ribeiro;12476
barra do rio azul;1721
barra do rocha;5878
barra do turvo;6868
barra dos coqueiros;45916
barra funda;2557
barra longa;5696
barra mansa;181675
barra velha;54854
barracao;9904
barras;49856
barreira;23591
barreiras;172521
barreiras do piaui;3338
barreirinha;34025
barreirinhas;68439
barreiros;42108
barretos;127276
barrinha;33414
barro;19474
barro alto;13932
barro duro;6719
barro preto;5909
barrocas;15814
barrolandia;4866
barroquinha;15018
barros cassal;9424
barroso;20640
barueri;336015
bastos;21968
bataguassu;24430
batalha;27161
batatais;59999
bataypora;10935
baturite;37308
bauru;394028
bayeux;83351
bebedouro;78298
beberibe;56272
bela cruz;34776
bela vista;21800
bela vista da caroba;4128
bela vista de goias;38010
bela vista de minas;10442
bela vista do maranhao;12132
bela vista do paraiso;14967
bela vista do piaui;4147
bela vista do toldo;5929
belagua;8782
belem;1396157
belem de maria;10769
belem do brejo do cruz;6223
belem do piaui;3523
belem do sao francisco;18588
belford roxo;518442
belmiro braga;3286
belmonte;20490
belo campo;19104
belo horizonte;2415451
belo jardim;84389
belo monte;5893
belo oriente;24587
belo vale;9074
belterra;19191
beneditinos;10084
benedito leite;5601
benedito novo;10755
benevides;69703
benjamin constant;41261
benjamin constant do sul;2118
bento de abreu;2638
bento fernandes;4903
bento goncalves;127980
bequimao;19955
berilo;9515
berizal;4264
bernardino batista;3704
bernardino de campos;11906
bernardo do mearim;5994
bernardo sayao;4298
bertioga;67941
bertolinia;5727
bertopolis;4546
beruri;22842
betania;11944
betania do piaui;6607
betim;433902
bezerros;65190
bias fortes;3346
bicas;14383
biguacu;85472
bilac;7473
biquinhas;2385
birigui;123655
biritiba mirim;30599
biritinga;15599
bituruna;15615
blumenau;390371
boa esperanca;41547
boa esperanca do iguacu;2402
boa esperanca do norte;5983
boa esperanca do sul;13093
boa hora;7104
boa nova;13587
boa ventura;5217
boa ventura de sao roque;6235
boa viagem;52100
boa vista;500965
boa vista da aparecida;8022
boa vista das missoes;1968
boa vista do burica;7129
boa vista do cadeado;2269
boa vista do gurupi;7792
boa vista do incra;2314
boa vista do ramos;27052
boa vista do sul;2815
boa vista do tupim;17221
boca da mata;21465
boca do acre;39176
bocaina;4106
bocaina de minas;5551
bocaina do sul;3660
bocaiuva;49919
bocaiuva do sul;13541
bodo;2357
bodoco;36161
bodoquena;8923
bofete;10735
boituva;64240
bom conselho;46212
bom despacho;54738
bom jardim;33850
bom jardim da serra;3964
bom jardim de goias;7727
bom jardim de minas;7007
bom jesus;30965
bom jesus da lapa;68869
bom jesus da penha;4710
bom jesus da serra;10010
bom jesus das selvas;29620
bom jesus de goias;25145
bom jesus do amparo;5797
bom jesus do araguaia;8091
bom jesus do galho;14683
bom jesus do itabapoana;37178
bom jesus do norte;10867
bom jesus do oeste;2245
bom jesus do sul;4083
bom jesus do tocantins;19294
bom jesus dos perdoes;22648
bom lugar;12333
bom principio;13665
bom principio do piaui;5821
bom progresso;2132
bom repouso;13434
bom retiro;8378
bom retiro do sul;12587
bom sucesso;4701
bom sucesso de itarare;3609
bom sucesso do sul;3239
bombinhas;29722
bonfim;15922
bonfim do piaui;6142
bonfinopolis;11218
bonfinopolis de minas;5585
boninal;14143
bonito;12925
bonito de minas;10557
bonito de santa fe;10407
bonopolis;3273
boqueirao;18276
boqueirao do leao;6202
boqueirao do piaui;6683
boquim;24978
boquira;19723
bora;935
boraceia;4852
borba;34836
borborema;4142
borda da mata;17861
borebi;2814
borrazopolis;7809
bossoroca;5978
botelhos;15144
botucatu;151600
botumirim;5772
botupora;11443
botuvera;5786
bozano;2195
braco do norte;36426
braco do trombudo;4308
braga;3322
braganca;133268
braganca paulista;186631
braganey;4691
branquinha;9776
bras pires;4278
brasil novo;27635
brasilandia;11826
brasilandia de minas;15535
brasilandia do sul;3891
brasilandia do tocantins;2009
brasileia;28198
brasileira;8707
brasilia;3009996
brasilia de minas;33332
brasnorte;17793
brauna;5487
braunas;4417
brazabrantes;4252
brazopolis;14478
brejao;9433
brejetuba;13800
brejinho;12670
brejinho de nazare;4752
brejo;35382
brejo alegre;2605
brejo da madre de deus;51492
brejo de areia;9343
brejo do cruz;14137
brejo do piaui;3958
brejo dos santos;5793
brejo grande;8034
brejo grande do araguaia;6947
brejo santo;54585
brejoes;13195
brejolandia;9344
breu branco;46792
breves;117028
britania;5808
brochier;5083
brodowski;26446
brotas;24571
brotas de macaubas;12190
brumadinho;41382
brumado;74617
brunopolis;2402
brusque;158593
bueno brandao;11176
buenopolis;9117
buenos aires;13958
buerarema;14853
bugre;4169
buique;53545
bujari;14076
bujaru;25019
buri;20783
buritama;17712
buriti;30925
buriti alegre;11028
buriti bravo;22937
buriti de goias;2811
buriti do tocantins;10737
buriti dos lopes;20161
buriti dos montes;7498
buriticupu;56590
buritinopolis;3126
buritirama;20230
buritirana;13098
buritis;30573
buritizal;4467
buritizeiro;23756
butia;19421
caapiranga;14980
caapora;22014
caarapo;33074
caatiba;6041
cabaceiras;5557
cabaceiras do paraguacu;17009
cabeceira grande;6824
cabeceiras;7700
cabeceiras do piaui;10481
cabedelo;71364
cabixi;5640
cabo de santo agostinho;219044
cabo frio;236772
cabo verde;11150
cabralia paulista;4358
cabreuva;48815
cabrobo;31776
cacador;76591
cacapava;100422
cacapava do sul;33501
cacaulandia;4242
cacequi;11299
caceres;91908
cachoeira;30450
cachoeira alta;11917
cachoeira da prata;3790
cachoeira de goias;1415
cachoeira de minas;12353
cachoeira de pajeu;9360
cachoeira do arari;25683
cachoeira do piria;18881
cachoeira do sul;82222
cachoeira dos indios;9319
cachoeira dourada;2329
cachoeira grande;10057
cachoeira paulista;32579
cachoeiras de macacu;59873
cachoeirinha;1973
cachoeiro de itapemirim;198367
cacimba de areia;3334
cacimba de dentro;16293
cacimbas;7546
cacimbinhas;10706
cacique doble;4692
cacoal;98884
caconde;17192
cacu;14062
cacule;23336
caem;10736
caetanopolis;11976
caetanos;11370
caete;39704
caetes;30692
caetite;54852
cafarnaum;18073
cafeara;2644
cafelandia;16908
cafezal do sul;4591
caiabu;3715
caiana;5505
caiaponia;16602
caibate;4795
caibi;6451
caicara;6657
caicara do norte;6483
caicara do rio do vento;3361
caico;63338
caieiras;98810
cairu;18662
caiua;5612
cajamar;99249
cajapio;10331
cajari;16652
cajati;29267
cajazeiras;66976
cajazeiras do piaui;3124
cajazeirinhas;2744
cajobi;9191
cajueiro;16559
cajueiro da praia;8284
cajuri;4195
cajuru;24247
calcado;11461
calcoene;11527
caldas;14666
caldas brandao;5955
caldas novas;108805
caldazinha;4901
caldeirao grande;13626
caldeirao grande do piaui;5599
california;9002
calmon;3525
calumbi;5342
camacan;22239
camacari;323676
camacho;2836
camalau;6354
camamu;31621
camanducaia;28152
camapua;13935
camaqua;63961
camaragibe;156425
camargo;3060
cambara;23352
cambara do sul;6490
cambe;111553
cambira;10182
camboriu;121040
cambuci;15060
cambui;31252
cambuquira;12543
cameta;145843
camocim;65459
camocim de sao felix;18044
campanario;2852
campanha;16406
campestre;6809
campestre da serra;3311
campestre de goias;3904
campestre do maranhao;12522
campina da lagoa;16035
campina das missoes;5999
campina do monte alegre;6101
campina do simao;3945
campina grande;446720
campina grande do sul;51154
campina verde;18129
campinacu;3761
campinapolis;15902
campinas;1189761
campinas do piaui;4964
campinas do sul;5388
campinorte;13084
campo alegre;32499
campo alegre de goias;7901
campo alegre de lourdes;32613
campo alegre do fidalgo;4633
campo azul;3810
campo belo;54106
campo belo do sul;7306
campo bom;64720
campo bonito;3974
campo do brito;18788
campo do meio;11627
campo do tenente;7717
campo ere;9884
campo florido;9019
campo formoso;75311
campo grande;10094
campo grande do piaui;6233
campo largo;146002
campo largo do piaui;7699
campo limpo de goias;8707
campo limpo paulista;79890
campo magro;32227
campo maior;47160
campo mourao;104881
campo novo;5063
campo novo de rondonia;8972
campo novo do parecis;53393
campo redondo;10515
campo verde;51969
campos altos;13020
campos belos;18196
campos borges;3695
campos de julio;10281
campos do jordao;47932
campos dos goytacazes;519378
campos gerais;26693
campos lindos;9028
campos novos;39429
campos novos paulista;5013
campos sales;26017
campos verdes;3747
camutanga;7952
cana verde;5328
canaa;4847
canaa dos carajas;92311
canabrava do norte;4422
cananeia;12493
canapi;15724
canapolis;10668
canarana;25024
canas;5084
canavieira;3381
canavieiras;34437
candeal;7914
candeias;74645
candeias do jamari;24454
candelaria;29775
candiba;13410
candido de abreu;14995
candido godoi;6419
candido mendes;20464
candido mota;30144
candido rodrigues;2966
candido sales;26472
candiota;11012
candoi;15173
canela;50717
canelinha;13819
canguaretama;30773
cangucu;50968
canhoba;3845
canhotinho;25114
caninde;77536
caninde de sao francisco;33782
canitar;6647
canoas;359845
canoinhas;57169
cansancao;39878
canta;21659
cantagalo;4020
cantanhede;25131
canto do buriti;19613
canudos;16722
canudos do vale;1686
canutama;18327
capanema;75791
capao alto;2636
capao bonito;47415
capao bonito do sul;1769
capao da canoa;66237
capao do cipo;3187
capao do leao;27416
caparao;5133
capela;15044
capela de santana;11424
capela do alto;23939
capela do alto alegre;11016
capela nova;4379
capelinha;42162
capetinga;6603
capim;7539
capim branco;11316
capim grosso;35627
capinopolis;14847
capinzal;24647
capinzal do norte;11696
capistrano;17828
capitao;2994
capitao andrade;4619
capitao de campos;11374
capitao eneas;14406
capitao gervasio oliveira;4076
capitao leonidas marques;14754
capitao poco;60663
capitolio;11111
capivari;51415
capivari de baixo;25226
capivari do sul;4080
capixaba;11035
capoeiras;18821
caputira;9128
caraa;7555
caracarai;23061
caracol;10553
caraguatatuba;143291
carai;19376
caraibas;10258
carambei;24721
caranaiba;2925
carandai;24436
carangola;32105
carapebus;14331
carapicuiba;398772
caratinga;91082
carauari;31383
caraubas;20202
caraubas do piaui;5587
caravelas;21719
carazinho;63671
carbonita;8574
cardeal da silva;8632
cardoso;11462
cardoso moreira;13418
careacu;7093
careiro;32289
careiro da varzea;20081
cariacica;376914
caridade;16058
caridade do piaui;5189
carinhanha;30498
carira;20314
carire;18073
cariri do tocantins;4184
caririacu;27579
carius;17225
carlinda;10196
carlopolis;17985
carlos barbosa;31586
carlos chagas;18717
carlos gomes;1384
carmesia;2702
carmo;17741
carmo da cachoeira;11758
carmo da mata;11302
carmo de minas;14136
carmo do cajuru;24775
carmo do paranaiba;29872
carmo do rio claro;21545
carmo do rio verde;10039
carmolandia;2237
carmopolis;14226
carmopolis de minas;18621
carnaiba;19551
carnauba dos dantas;8324
carnaubais;10042
carnaubal;17869
carnaubeira da penha;12739
carneirinho;9636
carneiros;9209
caroebe;12303
carolina;24630
carpina;83727
carrancas;4168
carrapateira;2363
carrasco bonito;3326
caruaru;408281
carutapera;24950
carvalhopolis;3421
carvalhos;4498
casa branca;28773
casa grande;2260
casa nova;76416
casca;9698
cascalho rico;2745
cascavel;77340
caseara;5047
caseiros;3064
casimiro de abreu;48672
casinhas;13447
casserengue;7048
cassia;17487
cassia dos coqueiros;2866
cassilandia;21581
castanhal;210592
castanheira;7325
castanheiras;3445
castelandia;2823
castelo;39747
castelo do piaui;19674
castilho;20545
castro;76015
castro alves;25468
cataguases;67600
catalao;124683
catanduva;119368
catanduvas;10636
catarina;8667
catas altas;5741
catas altas da noruega;3107
catende;32909
catigua;7097
catingueira;4540
catolandia;3566
catole do rocha;32449
catu;50068
catuipe;8834
catuji;7269
catunda;10909
caturai;5385
caturama;9127
caturite;5592
catuti;4771
caucaia;380944
cavalcante;9739
caxambu;21390
caxambu do sul;4794
caxias;163650
caxias do sul;479604
caxingo;5704
ceara mirim;83662
cedral;10448
cedro;22455
cedro de sao joao;5467
cedro do abaete;1078
celso ramos;2868
centenario;2088
centenario do sul;10881
central;16844
central de minas;6186
central do maranhao;7209
centralina;10454
centro do guilherme;12715
centro novo do maranhao;16432
cerejeiras;16957
ceres;22655
cerqueira cesar;22329
cerquilho;46547
cerrito;5909
cerro azul;15681
cerro branco;3859
cerro cora;11345
cerro grande;2428
cerro grande do sul;9333
cerro largo;14015
cerro negro;3280
cesario lange;19813
ceu azul;11258
cezarina;8336
cha de alegria;13528
cha grande;21289
cha preta;5996
chacara;3211
chale;6315
chapada;9751
chapada da natividade;3169
chapada de areia;1585
chapada do norte;9515
chapada dos guimaraes;19541
chapada gaucha;12992
chapadao do ceu;14735
chapadao do lageado;3070
chapadao do sul;35384
chapadinha;84564
chapeco;289170
charqueada;15827
charqueadas;36110
charrua;2800
chaval;12816
chavantes;12418
chaves;21514
chiador;2870
chiapetta;3991
chopinzinho;21690
choro;12325
chorozinho;20850
chorrocho;10932
chui;6409
chupinguaia;10250
chuvisca;4682
cianorte;83579
cicero dantas;32314
cidade gaucha;11730
cidade ocidental;104114
cidelandia;13131
cidreira;17584
cipo;17910
cipotanea;5502
ciriaco;4208
claraval;4980
claro dos pocoes;7202
claudia;9168
claudio;32192
clementina;7082
clevelandia;14699
coaraci;17460
coari;73403
cocal;29386
cocal de telha;5057
cocal do sul;18295
cocal dos alves;6621
cocalinho;6560
cocalzinho de goias;27741
cocos;19926
codajas;24627
codo;118272
coelho neto;42774
coimbra;7300
coite do noia;11037
coivaras;4265
colares;13720
colatina;130043
colider;32099
colina;18914
colinas;41826
colinas do sul;4222
colinas do tocantins;36451
colmeia;9152
colniza;25963
colombia;6822
colombo;242698
colonia do gurgueia;6301
colonia do piaui;7025
colonia leopoldina;15902
colorado;23347
colorado do oeste;16432
coluna;8165
combinado;4916
comendador gomes;2795
comendador levy gasparian;9050
comercinho;6458
comodoro;18477
conceicao;18739
conceicao da aparecida;10740
conceicao da barra;28891
conceicao da barra de minas;3558
conceicao da feira;21556
conceicao das alagoas;30589
conceicao das pedras;2843
conceicao de ipanema;4503
conceicao de macabu;21771
conceicao do almeida;16087
conceicao do araguaia;47187
conceicao do caninde;5092
conceicao do castelo;12475
conceicao do coite;71860
conceicao do jacuipe;37816
conceicao do lago acu;15291
conceicao do mato dentro;24846
conceicao do para;5601
conceicao do rio verde;12751
conceicao do tocantins;3929
conceicao dos ouros;11250
conchal;29220
conchas;15314
concordia;88402
concordia do para;28253
condado;6632
conde;30446
condeuba;17563
condor;6538
conego marinho;7446
confins;7836
confresa;39368
congo;5145
congonhal;11483
congonhas;55542
congonhas do norte;4920
congonhinhas;8447
conquista;6890
conquista d oeste;3941
conselheiro lafaiete;139858
conselheiro mairinck;3464
conselheiro pena;20989
consolacao;1561
constantina;10631
contagem;652973
contenda;20205
contendas do sincora;4506
coqueiral;9179
coqueiro baixo;1308
coqueiro seco;5702
coqueiros do sul;2248
coracao de jesus;26125
coracao de maria;28544
corbelia;18004
cordeiro;21422
cordeiropolis;25390
cordeiros;7735
cordilheira alta;5305
cordisburgo;7481
cordislandia;3225
coreau;21396
coremas;14970
corguinho;4890
coribe;14444
corinto;23981
cornelio procopio;45614
coroaci;11279
coroados;5509
coroata;61324
coromandel;30209
coronel barros;2896
coronel bicaco;6214
coronel domingos soares;5342
coronel ezequiel;5226
coronel fabriciano;108857
coronel freitas;10626
coronel joao pessoa;4279
coronel joao sa;17602
coronel jose dias;4278
coronel macedo;4249
coronel martins;1959
coronel murta;8194
coronel pacheco;2779
coronel pilar;1637
coronel sapucaia;14708
coronel vivida;24107
coronel xavier chaves;3610
corrego danta;2935
corrego do bom jesus;4493
corrego do ouro;2427
corrego fundo;6355
corrego novo;2889
correia pinto;16341
corrente;28477
correntes;17679
correntina;34347
cortes;10347
corumba;96334
corumba de goias;10733
corumbaiba;9549
corumbatai;4305
corumbatai do sul;3755
corumbiara;7938
corupa;16042
coruripe;51783
cosmopolis;61196
cosmorama;9064
costa marques;13499
costa rica;29292
cotegipe;13451
cotia;291704
cotipora;3926
cotriguacu;9665
couto de magalhaes de minas;4355
couto magalhaes;5563
coxilha;2718
coxim;33488
coxixola;1893
craibas;26154
crateus;80435
crato;139781
cravinhos;34356
cravolandia;4463
criciuma;229333
crisolita;5219
crisopolis;20348
crissiumal;13116
cristais;12688
cristais paulista;9651
cristal;7455
cristal do sul;2745
cristalandia;6349
cristalandia do piaui;7411
cristalia;5103
cristalina;67922
cristiano otoni;4704
cristianopolis;3709
cristina;10657
cristinapolis;17646
cristino castro;10828
cristopolis;14585
crixas;17616
crixas do tocantins;1491
croata;18090
crominia;4020
crucilandia;5712
cruz;32706
cruz alta;60453
cruz das almas;63437
cruz do espirito santo;17918
cruz machado;15632
cruzalia;2118
cruzaltense;1650
cruzeiro;76381
cruzeiro da fortaleza;3623
cruzeiro do iguacu;4120
cruzeiro do oeste;25071
cruzeiro do sul;99404
cruzeta;8253
cruzilia;15879
cruzmaltina;2854
cubatao;114681
cubati;7864
cuiaba;698917
cuite;20210
cuite de mamanguape;6450
cuitegi;6887
cujubim;15872
cumari;2947
cumaru;16179
cumaru do norte;15354
cumbe;3875
cunha;22467
cunha pora;11276
cunhatai;2078
cuparaque;3924
cupira;24382
curaca;36220
curimata;11606
curionopolis;21088
curitiba;1832183
curitibanos;41964
curiuva;13767
currais;4985
currais novos;42915
curral de cima;5423
curral de dentro;7692
curral novo do piaui;5196
curral velho;2304
curralinho;37164
curralinhos;4760
curua;15069
curuca;45330
cururupu;32598
curvelandia;4972
curvelo;84709
custodia;39797
cutias;4722
damianopolis;3950
damiao;5151
damolandia;2752
darcinopolis;6130
dario meira;11316
datas;5651
david canabarro;4400
davinopolis;14863
delfim moreira;8137
delfinopolis;8938
delmiro gouveia;52858
delta;11275
demerval lobao;17294
denise;6536
deodapolis;14419
deputado irapuan pinheiro;9174
derrubadas;2793
descalvado;32685
descanso;8610
descoberto;5081
desterro;8327
desterro de entre rios;7979
desterro do melo;3061
dezesseis de novembro;2540
diadema;403802
diamante;6403
diamante d oeste;4484
diamante do norte;5116
diamante do sul;3126
diamantina;49625
diamantino;22766
dianopolis;17905
dias d avila;75516
dilermando de aguiar;2856
diogo de vasconcelos;3568
dionisio;6594
dionisio cerqueira;15337
diorama;1960
dirce reis;1637
dirceu arcoverde;7278
divina pastora;4439
divinesia;4532
divino;21521
divino das laranjeiras;4110
divino de sao lourenco;5391
divinolandia;11296
divinolandia de minas;6560
divinopolis;244769
divinopolis de goias;4370
divinopolis do tocantins;7388
divisa alegre;6568
divisa nova;6010
divisopolis;10730
dobrada;9011
dois corregos;24839
dois irmaos;31805
dois irmaos das missoes;2132
dois irmaos do buriti;11570
dois irmaos do tocantins;6311
dois lajeados;3156
dois riachos;9895
dois vizinhos;48127
dolcinopolis;2257
dom aquino;7865
dom basilio;12348
dom bosco;3759
dom cavati;4954
dom eliseu;63306
dom expedito lopes;6366
dom feliciano;13279
dom inocencio;9330
dom joaquim;5096
dom macedo costa;4627
dom pedrito;38080
dom pedro;23607
dom pedro de alcantara;2617
dom silverio;5360
dom vicoso;3191
domingos martins;38498
domingos mourao;4121
dona emma;4482
dona euzebia;6258
dona francisca;3133
dona ines;10636
dores de campos;10401
dores de guanhaes;5107
dores do indaia;12678
dores do rio preto;6919
dores do turvo;5222
doresopolis;1500
dormentes;17874
douradina;9737
dourado;8154
douradoquara;1870
dourados;266950
doutor camargo;6547
doutor mauricio cardoso;4533
doutor pedrinho;3721
doutor ricardo;1924
doutor severiano;7271
doutor ulysses;5742
doverlandia;6752
dracena;46800
duartina;12534
duas barras;11356
duas estradas;3344
duere;4289
dumont;9804
duque bacelar;10439
duque de caxias;866167
durande;8090
echapora;6288
ecoporanga;22554
edealina;4121
edeia;12010
eirunepe;36027
eldorado;13062
eldorado do carajas;29154
eldorado do sul;41013
elesbao veloso;13704
elias fausto;18226
eliseu martins;4409
elisiario;3191
elisio medrado;8071
eloi mendes;27510
emas;3020
embauba;2346
embu das artes;260113
embu guacu;69041
emilianopolis;3061
encantado;23521
encanto;6323
encruzilhada;19373
encruzilhada do sul;24275
eneas marques;6140
engenheiro beltrao;12258
engenheiro caldas;14684
engenheiro coelho;20377
engenheiro navarro;6336
engenheiro paulo de frontin;12804
engenho velho;1315
entre folhas;5297
entre ijuis;9368
entre rios;39880
entre rios de minas;15191
entre rios do oeste;4810
entre rios do sul;2727
envira;18062
epitaciolandia;19997
equador;5447
erebango;3122
erechim;109610
erere;6371
erico cardoso;10932
ermo;2342
ernestina;3097
erval grande;5027
erval seco;6891
erval velho;5193
ervalia;21222
escada;62102
esmeralda;3264
esmeraldas;94543
espera feliz;24922
esperanca;32671
esperanca do sul;3293
esperanca nova;1844
esperantina;7281
esperantinopolis;18743
espigao alto do iguacu;4888
espigao d oeste;32960
espinosa;31366
espirito santo;10964
espirito santo do dourado;7250
espirito santo do pinhal;40547
espirito santo do turvo;4211
esplanada;34179
espumoso;15478
estacao;5685
estancia;67136
estancia velha;49500
esteio;78143
estiva;11921
estiva gerbi;11647
estreito;34293
estrela;33263
estrela d oeste;9733
estrela dalva;2176
estrela de alagoas;15683
estrela do indaia;2674
estrela do norte;2752
estrela do sul;6869
estrela velha;3115
euclides da cunha;64969
euclides da cunha paulista;7833
eugenio de castro;2683
eugenopolis;11116
eunapolis;121577
eusebio;83641
ewbank da camara;3994
extrema;60681
extremoz;70452
exu;33533
fagundes;11300
fagundes varela;2620
faina;7169
fama;2690
faria lemos;3222
farias brito;18442
faro;9208
farol;2968
farroupilha;72553
fartura;17069
fartura do piaui;5437
fatima;3487
fatima do sul;21615
faxinal;16548
faxinal do soturno;6846
faxinal dos guedes;11588
faxinalzinho;2572
fazenda nova;5807
fazenda rio grande;170123
fazenda vilanova;4405
feijo;37874
feira da mata;5838
feira de santana;663408
feira grande;23210
feira nova;22271
feira nova do maranhao;8239
felicio dos santos;5253
felipe guerra;6485
felisburgo;6558
felixlandia;14281
feliz;13994
feliz deserto;4033
feliz natal;10482
fenix;4469
fernandes pinheiro;6420
fernandes tourinho;2803
fernando de noronha;3364
fernando falcao;11250
fernando pedroza;3041
fernando prestes;6092
fernandopolis;73706
fernao;1695
ferraz de vasconcelos;186816
ferreira gomes;7220
ferreiros;16103
ferros;9543
fervedouro;10716
figueira;8115
figueirao;3790
figueiropolis;5331
figueiropolis d oeste;3000
filadelfia;7746
firmino alves;4981
firminopolis;10185
flexeiras;9737
flor da serra do sul;4315
flor do sertao;1886
flora rica;1475
florai;4789
florania;10582
floreal;2739
flores;20723
flores da cunha;32015
flores de goias;14388
flores do piaui;4515
floresta;31771
floresta azul;11466
floresta do araguaia;18625
floresta do piaui;2402
florestal;8548
florestopolis;11667
floriano;64614
floriano peixoto;1690
florianopolis;598370
florida;2718
florida paulista;13179
florinea;4053
fonte boa;28491
fontoura xavier;9710
formiga;71113
formigueiro;6527
formosa;122613
formosa da serra negra;18164
formosa do oeste;7769
formosa do rio preto;27700
formosa do sul;2759
formoso;8088
formoso do araguaia;19517
forquetinha;2441
forquilha;25460
forquilhinha;35582
fortaleza;2582360
fortaleza de minas;3422
fortaleza dos nogueiras;12974
fortaleza dos valos;4569
fortim;18365
fortuna;17348
fortuna de minas;3252
foz do iguacu;299112
foz do jordao;4863
fraiburgo;33969
franca;366534
francinopolis;4448
francisco alves;8677
francisco ayres;4545
francisco badaro;6907
francisco beltrao;103424
francisco dantas;2753
francisco dumont;4530
francisco macedo;2985
francisco morato;171806
francisco sa;23691
francisco santos;8334
franciscopolis;4986
franco da rocha;150648
frecheirinha;16663
frederico westphalen;33726
frei gaspar;5722
frei inocencio;8269
frei lagonegro;3486
frei martinho;2908
frei miguelinho;14043
frei paulo;14957
frei rogerio;2446
fronteira;14980
fronteira dos vales;4373
fronteiras;10310
fruta de leite;4473
frutal;61588
frutuoso gomes;4229
fundao;18941
funilandia;4981
gabriel monteiro;2815
gado bravo;8401
galia;6394
galileia;6209
galinhos;2159
galvao;3137
gameleira;17223
gameleira de goias;3584
gameleiras;4831
gandu;34154
garanhuns;152484
gararu;11288
garca;43051
garibaldi;35563
garopaba;35153
garrafao do norte;25565
garruchos;2724
garuva;20313
gaspar;79645
gastao vidigal;3175
gaucha do norte;9610
gaurama;5778
gaviao;4485
gaviao peixoto;4815
geminiano;5619
general camara;7743
general carneiro;10531
general maynard;3124
general salgado;10426
general sampaio;6934
gentil;1784
gentio do ouro;11287
getulina;10321
getulio vargas;16956
gilbues;11219
girau do ponciano;37338
girua;16273
glaucilandia;2991
glicerio;4145
gloria;16139
gloria d oeste;2858
gloria de dourados;10856
gloria do goita;30465
glorinha;7851
godofredo viana;10425
godoy moreira;2889
goiabeira;2849
goiana;85806
goianapolis;14956
goiandira;4938
goianesia;78980
goianesia do para;26361
goiania;1511709
goianinha;28616
goianira;84170
goianorte;4824
goias;24113
goiatins;12884
goiatuba;37187
goioere;28895
goioxim;6412
goncalves;4951
goncalves dias;17580
gongogi;5399
gonzaga;5202
gouveia;11524
gouvelandia;4271
governador archer;10480
governador celso ramos;18632
governador dix sept rosado;12223
governador edison lobao;19010
governador eugenio barros;14269
governador jorge teixeira;8264
governador lindenberg;11501
governador luiz rocha;7213
governador mangabeira;21387
governador newton bello;11004
governador nunes freire;23493
governador valadares;266478
graca;14179
graca aranha;6160
graccho cardoso;5921
grajau;75281
gramado;41706
gramado dos loureiros;2047
gramado xavier;3350
grandes rios;5466
granito;7227
granja;55975
granjeiro;4951
grao mogol;13987
grao para;6407
gravata;92929
gravatai;275432
gravatal;13323
groairas;11422
grossos;10308
grupiara;1430
guabiju;1441
guabiruba;27195
guacui;31528
guadalupe;10482
guaiba;95946
guaicara;11496
guaimbe;5611
guaira;40547
guairaca;6786
guaiuba;25227
guajara;14356
guajara mirim;43633
guajeru;8136
guamare;16197
guamiranga;7913
guanambi;93873
guanhaes;33596
guape;14079
guapiacu;22562
guapiara;17197
guapimirim;54316
guapirama;4902
guapo;21373
guapore;26168
guaporema;2208
guara;18711
guarabira;60265
guaracai;7423
guaraci;10566
guaraciaba;9882
guaraciaba do norte;44823
guaraciama;5245
guarai;25975
guaraita;2156
guaramiranga;5833
guaramirim;52093
guaranesia;19679
guarani;7685
guarani d oeste;1999
guarani das missoes;7547
guarani de goias;4076
guaraniacu;13718
guaranta;6532
guaranta do norte;31092
guarapari;137659
guarapuava;190542
guaraquecaba;7418
guarara;3052
guararapes;31902
guararema;32785
guaratinga;19360
guaratingueta;122100
guaratuba;45529
guarda mor;6689
guarei;15299
guariba;38740
guaribas;4339
guarinos;2143
guaruja;294780
guaruja do sul;4888
guarulhos;1351284
guatambu;9947
guatapara;7485
guaxupe;52862
guia lopes da laguna;10097
guidoval;7285
guimaraes;10412
guimarania;8948
guiratinga;9975
guiricema;7759
gurinhata;5107
gurinhem;14148
gurjao;3361
gurupa;34344
gurupi;90818
guzolandia;4243
harmonia;5535
heitorai;3325
heliodora;6283
heliopolis;13040
herculandia;9329
herval;6302
herval d oeste;22271
herveiras;2604
hidrolandia;18148
hidrolina;3441
holambra;15832
honorio serpa;4740
horizonte;82325
horizontina;19252
hortolandia;250195
hugo napoleao;3538
hulha negra;6102
humaita;64390
humberto de campos;26552
iacanga;10661
iaciara;10151
iacri;6189
iacu;25299
iapu;12675
iaras;8362
iati;17538
ibaiti;29465
ibarama;3787
ibaretama;12109
ibate;33204
ibateguara;13978
ibatiba;27765
ibema;6352
ibertioga;5357
ibia;22515
ibiaca;4617
ibiai;6094
ibiam;2067
ibiapina;24727
ibiara;5693
ibiassuce;10739
ibicarai;22067
ibicare;3287
ibicoara;21952
ibicui;14236
ibicuitinga;12036
ibimirim;28207
ibipeba;17139
ibipitanga;14318
ibipora;53486
ibiquera;3829
ibira;11976
ibiracatu;5089
ibiraci;10753
ibiracu;12350
ibiraiaras;6827
ibirajuba;7325
ibirama;21132
ibirapitanga;27029
ibirapua;9332
ibirapuita;3788
ibirarema;6439
ibirataia;19379
ibirite;180404
ibiruba;22106
ibitiara;15036
ibitinga;62353
ibitirama;10119
ibitita;17525
ibitiura de minas;3441
ibituruna;2726
ibiuna;77936
ibotirama;27771
icapui;22747
icara;64717
icarai de minas;10917
icaraima;9158
icatu;25332
icem;7992
ichu;6439
ico;64691
iconha;12801
ielmo marinho;11877
iepe;7739
igaci;24442
igapora;16088
igaracu do tiete;23414
igaracy;5696
igarapava;26643
igarape;49729
igarape acu;37992
igarape do meio;14411
igarape grande;10460
igarape miri;69918
igarassu;123666
igarata;11037
igaratinga;11434
igrapiuna;13477
igreja nova;22109
igrejinha;34777
iguaba grande;29681
iguai;21677
iguape;29900
iguaracu;5777
iguaracy;11329
iguatama;6723
iguatemi;13906
iguatu;102907
ijaci;7422
ijui;87849
ilha comprida;14237
ilha das flores;8502
ilha de itamaraca;25778
ilha grande;9540
ilha solteira;26272
ilhabela;36766
ilheus;189259
ilhota;19048
ilicinea;13321
ilopolis;4245
imaculada;10447
imarui;12171
imbau;15235
imbe;28029
imbe de minas;7277
imbituba;58381
imbituva;30940
imbuia;6166
imigrante;3149
imperatriz;286383
inacio martins;9477
inaciolandia;6091
inaja;28008
inconfidentes;7561
indaiabira;6281
indaial;79523
indaiatuba;271322
independencia;24400
indiana;5208
indianopolis;6314
indiapora;4117
indiara;18217
indiaroba;17030
indiavai;2150
inga;18268
ingai;2630
ingazeira;4989
inhacora;2047
inhambupe;35384
inhangapi;10813
inhapi;15388
inhapim;22854
inhauma;6494
inhuma;15286
inhumas;54133
inimutaba;7642
inocencia;8814
inubia paulista;3670
iomere;2981
ipaba;17619
ipameri;26282
ipanema;20262
ipanguacu;14580
ipaporanga;11988
ipatinga;234930
ipaumirim;12476
ipaussu;13936
ipe;5490
ipecaeta;13973
ipero;38527
ipeuna;7051
ipiacu;3792
ipiau;42359
ipigua;7184
ipira;59183
ipiranga;14321
ipiranga de goias;2972
ipiranga do norte;8904
ipiranga do piaui;9638
ipiranga do sul;1748
ipixuna;25792
ipixuna do para;28403
ipojuca;107370
ipora;16149
ipora do oeste;9846
iporanga;4075
ipu;43193
ipua;14711
ipuacu;8218
ipubi;30828
ipueira;2090
ipueiras;1625
ipuiuna;9268
ipumirim;8177
ipupiara;10377
iracema;11098
iracema do oeste;2314
iracemapolis;22559
iraceminha;3958
irai;7631
irai de minas;7509
irajuba;6211
iramaia;11018
iranduba;70248
irani;10622
irapua;6920
irapuru;7098
iraquara;24901
irara;29630
irati;61192
iraucuba;24977
irece;79105
iretama;10836
irineopolis;10416
irituia;32780
irupi;14793
isaias coelho;7770
israelandia;2490
ita;7430
itaara;5712
itabaiana;23498
itabaianinha;42339
itabela;29589
itabera;18267
itaberaba;68590
itaberai;48247
itabi;4809
itabira;118342
itabirinha;10537
itabirito;56818
itaborai;240169
itabuna;196041
itacaja;6950
itacambira;4191
itacarambi;17485
itacare;29641
itacoatiara;115218
itacuruba;4491
itacurubi;3038
itaete;13734
itagi;14737
itagiba;15692
itagimirim;6464
itaguacu;14004
itaguacu da bahia;12656
itaguai;124040
itaguaje;4525
itaguara;14500
itaguari;5150
itaguaru;4796
itaguatins;5116
itai;26023
itaiba;34380
itaicaba;7821
itainopolis;10958
itaiopolis;23063
itaipava do grajau;14142
itaipe;10418
itaipulandia;12267
itaitinga;74250
itaituba;136990
itaja;7570
itajai;302247
itajobi;17576
itaju;3726
itaju do colonia;5742
itajuba;97065
itajuipe;19138
italva;14510
itamaraju;61947
itamarandiba;34279
itamarati;12150
itamarati de minas;3692
itamari;7158
itambacuri;21129
itambaraca;5766
itambe;36677
itambe do mato dentro;2162
itamogi;11120
itamonte;15294
itanagra;6069
itanhaem;119274
itanhandu;15815
itanhanga;8463
itanhem;18172
itanhomi;11233
itaobim;19177
itaoca;3503
itaocara;23646
itapaci;22068
itapagipe;14024
itapaje;49061
itaparica;20339
itape;10640
itapebi;9437
itapecerica;21450
itapecerica da serra;163187
itapecuru mirim;62260
itapejara d oeste;12980
itapema;88842
itapemirim;44621
itaperucu;33763
itaperuna;107322
itapetim;14240
itapetinga;68714
itapetininga;164687
itapeva;13778
itapevi;243967
itapicuru;33311
itapipoca;137795
itapira;74145
itapiranga;11090
itapirapua;8142
itapirapua paulista;4433
itapiratins;3692
itapissuma;29859
itapitanga;10648
itapiuna;18168
itapoa;37488
itapolis;40429
itapora;25732
itapora do tocantins;2464
itaporanga;24842
itaporanga d ajuda;36272
itapororoca;19270
itapua do oeste;9247
itapuca;1963
itapui;14080
itapura;3990
itapuranga;26532
itaquaquecetuba;384436
itaquara;8478
itaqui;36811
itaquirai;20122
itaquitinga;17171
itarana;10997
itarantim;17456
itarare;45111
itarema;46219
itariri;15917
itaruma;6106
itati;2696
itatiaia;32721
itatiaiucu;13945
itatiba;127729
itatiba do sul;3240
itatim;16526
itatinga;19493
itatira;21230
itatuba;10863
itau;5441
itau de minas;14614
itauba;5241
itaubal;6147
itaucu;7573
itaueira;10463
itauna;104002
itauna do sul;3606
itaverava;5742
itinga;13928
itinga do maranhao;22863
itiquira;12654
itirapina;16473
itirapua;5853
itirucu;11165
itiuba;35489
itobi;8242
itororo;16920
itu;175483
ituacu;18519
itubera;22022
itueta;6249
ituiutaba;107133
itumbiara;114331
itumirim;6906
itupeva;75776
itupiranga;52213
ituporanga;28897
iturama;40493
itutinga;4384
ituverava;38379
iuiu;11584
iuna;30626
ivai;13501
ivaipora;33619
ivate;6746
ivatuba;2666
ivinhema;30371
ivolandia;2732
ivora;1962
ivoti;23567
jaboatao dos guararapes;685222
jabora;4486
jaborandi;9598
jaboti;5687
jaboticaba;3847
jaboticabal;73479
jaboticatubas;21609
jacana;8055
jacaraci;14919
jacarau;15013
jacare dos homens;5179
jacareacanga;27130
jacarei;251848
jacarezinho;41571
jaci;8003
jaciara;30044
jacinto;11064
jacinto machado;10833
jacobina;87121
jacobina do piaui;5708
jacui;7672
jacuipe;5414
jacuizinho;2066
jacunda;37086
jacupiranga;16183
jacutinga;27060
jaguapita;16085
jaguaquara;47519
jaguaracu;3188
jaguarao;27396
jaguarari;34609
jaguare;31858
jaguaretama;17584
jaguari;10771
jaguariaiva;36575
jaguaribara;10680
jaguaribe;35161
jaguaripe;18395
jaguariuna;62764
jaguaruana;33159
jaguaruna;21850
jaiba;39884
jaicos;17768
jales;50132
jambeiro;6642
jampruca;4229
janauba;73814
jandaia;6369
jandaia do sul;22000
jandaira;6756
jandira;121848
janduis;4794
jangada;7380
janiopolis;5766
januaria;67157
januario cicco;8848
japaraiba;4738
japaratinga;9462
japaratuba;16432
japeri;102182
japi;5207
japira;5062
japoata;13737
japonvar;8411
japora;8472
japura;9527
jaqueira;10400
jaquirana;3751
jaragua;46835
jaragua do sul;203204
jaraguari;7533
jaramataia;5067
jardim;28891
jardim alegre;12118
jardim de angicos;2483
jardim de piranhas;14474
jardim do mulato;4272
jardim do serido;11933
jardim olinda;1345
jardinopolis;47354
jari;3412
jarinu;40433
jaru;55774
jatai;112835
jataizinho;11992
jatauba;16332
jatei;3573
jati;8127
jatoba;7577
jatoba do piaui;4554
jau;137486
jau do tocantins;3389
jaupaci;2932
jauru;7522
jeceaba;6522
jenipapo de minas;6022
jenipapo dos vieiras;17555
jequeri;12621
jequia da praia;9600
jequie;169623
jequitai;6304
jequitiba;6184
jequitinhonha;24523
jeremoabo;39573
jerico;7734
jeriquara;4021
jeronimo monteiro;12112
jerumenha;4612
jesuania;5342
jesuitas;11047
jesupolis;2100
ji parana;140800
jijoca de jericoacoara;28707
jiquirica;14076
jitauna;14571
joacaba;32103
joaima;13988
joanesia;4191
joanopolis;13162
joao alfredo;28786
joao camara;34925
joao costa;3034
joao dias;2054
joao dourado;25976
joao lisboa;25331
joao monlevade;84198
joao neiva;14203
joao pessoa;906093
joao pinheiro;48906
joao ramalho;4470
joaquim felicio;3847
joaquim gomes;17325
joaquim nabuco;13334
joaquim pires;14270
joaquim tavora;12415
joca claudino;2608
joca marques;5566
joia;7294
joinville;673980
jordania;10546
jordao;9972
jose boiteux;6539
jose bonifacio;38111
jose da penha;5967
jose de freitas;44959
jose goncalves de minas;3935
jose raydan;4345
joselandia;15221
josenopolis;3511
joviania;7246
juara;36276
juarez tavora;8117
juarina;2311
juatuba;33730
juazeirinho;17551
juazeiro;257616
juazeiro do norte;307928
juazeiro do piaui;5306
jucas;24655
jucati;12067
jucurucu;9934
jucurutu;18320
juina;48987
juiz de fora;569588
julio borges;5503
julio de castilhos;18545
julio mesquita;4297
jumirim;3139
junco do maranhao;5287
junco do serido;7035
jundia;3877
jundiai;465277
jundiai do sul;3366
junqueiro;24382
junqueiropolis;20991
jupi;16095
jupia;2744
juquia;17121
juquitiba;27929
juramento;3782
juranda;7906
jurema;4498
juripiranga;10250
juru;9352
jurua;11106
juruaia;11755
juruena;9965
juruti;54546
juscimeira;11728
jussara;17053
jussari;6378
jussiape;7550
jutai;28712
juti;7122
juvenilia;5945
kalore;4671
labrea;50040
lacerdopolis;2307
ladainha;14134
ladario;24631
lafaiete coutinho;4235
lagamar;6576
lagarto;106330
lages;173278
lago da pedra;45857
lago do junco;9676
lago dos rodrigues;8963
lago verde;15062
lagoa;4476
lagoa alegre;8477
lagoa bonita do sul;2283
lagoa d anta;6776
lagoa da canoa;18838
lagoa da confusao;16934
lagoa da prata;54251
lagoa de dentro;8155
lagoa de itaenga;19815
lagoa de pedras;7615
lagoa de sao francisco;6443
lagoa de velhos;2629
lagoa do barro do piaui;5194
lagoa do carro;18892
lagoa do mato;10804
lagoa do ouro;12369
lagoa do piaui;5061
lagoa do sitio;4555
lagoa do tocantins;3616
lagoa dos gatos;14283
lagoa dos patos;3191
lagoa dos tres cantos;1781
lagoa dourada;13186
lagoa formosa;19716
lagoa grande;25020
lagoa grande do maranhao;11749
lagoa nova;16274
lagoa real;14553
lagoa salgada;8692
lagoa santa;82544
lagoa seca;29356
lagoa vermelha;28622
lagoao;5421
lagoinha;5191
lagoinha do piaui;3000
laguna;44126
laguna carapa;7060
laje;21706
laje do muriae;7582
lajeado;3595
lajeado do bugre;2661
lajeado grande;1804
lajeado novo;7236
lajedao;4002
lajedinho;3600
lajedo;42120
lajedo do tabocal;7666
lajes;10082
lajes pintadas;4960
lajinha;21577
lamarao;9302
lambari;21066
lambari d oeste;4602
lamim;3201
landri sales;5306
lapa;45877
lapao;27025
laranja da terra;11622
laranjal;5995
laranjal do jari;37781
laranjal paulista;27075
laranjeiras;23932
laranjeiras do sul;33267
lassance;7436
lastro;3339
laurentino;8764
lauro de freitas;221023
lauro muller;14633
lavandeira;1679
lavinia;9967
lavras;111437
lavras da mangabeira;32201
lavras do sul;7290
lavrinhas;7365
leandro ferreira;3273
lebon regis;11547
leme;101734
leme do prado;4343
lencois;11216
lencois paulista;68724
leoberto leal;3383
leopoldina;52779
leopoldo de bulhoes;9210
leopolis;3701
liberato salzano;4845
liberdade;4715
licinio de almeida;12196
lidianopolis;3985
lima campos;11560
lima duarte;17847
limeira;301780
limeira do oeste;9290
limoeiro;59194
limoeiro de anadia;25179
limoeiro do ajuru;32387
limoeiro do norte;62945
lindoeste;5208
lindoia;7167
lindoia do sul;4597
lindolfo collor;6420
linha nova;1721
linhares;185621
lins;76946
livramento;7038
livramento de nossa senhora;46476
lizarda;2912
loanda;24090
lobato;4719
logradouro;5166
londrina;584465
lontra;8958
lontras;14066
lorena;87551
loreto;11891
lourdes;1957
louveira;55314
lucas do rio verde;99291
lucelia;20383
lucena;13153
lucianopolis;2427
luciara;2642
lucrecia;3573
luis antonio;12594
luis correia;32015
luis domingues;7379
luis eduardo magalhaes;119947
luis gomes;9257
luisburgo;7281
luislandia;6316
luiz alves;12363
luiziana;6619
luiziania;4730
luminarias;5756
lunardelli;4846
lupercio;3993
lupionopolis;4942
lutecia;2696
luz;18366
luzerna;5970
luziania;223596
luzilandia;26189
luzinopolis;2819
macae;264583
macaiba;87634
macajuba;10723
macambara;4485
macambira;7070
macapa;491987
macaparana;24658
macarani;22924
macatuba;17157
macau;28318
macaubal;7575
macaubas;43587
macedonia;4067
maceio;995134
machacalis;6534
machadinho;5867
machadinho d oeste;34229
machado;38788
machados;11310
macieira;1792
macuco;5603
macurure;7417
madalena;17207
madeiro;8243
madre de deus;19271
madre de deus de minas;5378
mae d agua;3575
mae do rio;37881
maetinga;7224
mafra;57501
magalhaes barata;8450
magalhaes de almeida;13873
magda;3210
mage;244166
maiquinique;9007
mairi;18102
mairinque;52092
mairipora;98241
mairipotaba;2643
major gercino;3248
major isidoro;17825
major sales;4104
major vieira;7540
malacacheta;17635
malhada;15796
malhada de pedras;8992
malhada dos bois;3681
malhador;11697
mallet;13698
malta;6315
mamanguape;47200
mambai;8579
mambore;13519
mamonas;6068
mampituba;3203
manacapuru;113042
manaira;10698
manaquiri;15902
manari;25990
manaus;2327101
mancio lima;20616
mandaguacu;35253
mandaguari;38564
mandirituba;29437
manduri;10148
manfrinopolis;2770
manga;19109
mangaratiba;43677
mangueirinha;16709
manhuacu;98067
manhumirim;20910
manicore;58557
manoel emidio;5316
manoel ribas;14740
manoel urbano;13057
manoel viana;6915
manoel vitorino;14280
mansidao;14595
mantena;27342
mantenopolis;13090
maquine;7593
mar de espanha;13238
mar vermelho;3207
mara rosa;10797
maraa;15716
maraba;293344
maraba paulista;4612
maracacume;21768
maracai;12784
maracaja;8478
maracaju;48564
maracana;27054
maracanau;253442
maracas;29450
maragogi;33283
maragogipe;36875
maraial;9220
maraja do sena;7142
maranguape;108323
maranhaozinho;14097
marapanim;28210
marapoama;3435
marata;2521
marataizes;46461
marau;25965
maravilha;9706
maravilhas;7545
marcacao;9634
marcelandia;11298
marcelino ramos;4382
marcelino vieira;8075
marcionilio souza;9447
marco;27283
marcolandia;8857
marcos parente;4876
marechal candido rondon;59291
marechal deodoro;62528
marechal floriano;19159
marechal thaumaturgo;18154
marema;2220
mari;22212
maria da fe;14577
maria helena;5921
marialva;45360
mariana;64929
mariana pimentel;4002
mariano moro;1884
marianopolis do tocantins;4812
mariapolis;3514
maribondo;13971
marica;212703
marilac;4325
marilandia;13150
marilandia do sul;8750
marilena;7474
marilia;247992
mariluz;9886
maringa;432635
marinopolis;1854
mario campos;16855
mariopolis;6535
maripa;6878
maripa de minas;3600
marituba;119859
marizopolis;7041
marlieria;4829
marmeleiro;16728
marmelopolis;3328
marques de souza;4050
marquinho;4465
martinho campos;14626
martinopole;11326
martinopolis;25260
martins;8420
martins soares;8866
maruim;15938
marumbi;4786
marzagao;2990
mascote;13897
massape;40037
massape do piaui;5119
massaranduba;14842
mata;4782
mata de sao joao;45073
mata grande;22119
mata roma;17618
mata verde;9602
matao;81144
mataraca;8711
mateiros;2955
matelandia;19368
materlandia;3918
mateus leme;41371
mathias lobato;3037
matias barbosa;14590
matias cardoso;8871
matias olimpio;10896
matina;10593
matinha;22549
matinhas;4781
matinhos;42671
matipo;19173
mato castelhano;2611
mato grosso;2577
mato leitao;5001
mato queimado;1833
mato rico;3216
mato verde;12183
matoes;33350
matoes do norte;18087
matos costa;2787
matozinhos;39753
matrincha;3975
matriz de camaragibe;24331
matupa;22497
matureia;6754
matutina;3917
maua;429064
maua da serra;9740
maues;67021
maurilandia;10052
maurilandia do tocantins;3171
mauriti;47592
maxaranguape;10535
maximiliano de almeida;4251
mazagao;23958
medeiros;4094
medeiros neto;22524
medianeira;58681
medicilandia;28718
medina;20421
meleiro;7129
melgaco;30305
mendes;18048
mendes pimentel;5580
mendonca;6466
mercedes;6248
merces;10621
meridiano;4743
meruoca;15952
mesopolis;1992
mesquita;4934
messias;15706
messias targino;4417
miguel alves;33077
miguel calmon;25213
miguel leao;1359
miguel pereira;28151
miguelopolis;19591
milagres;26779
milagres do maranhao;9079
milha;14787
milton brandao;6719
mimoso de goias;2619
mimoso do sul;25011
minacu;26301
minador do negrao;4934
minas do leao;7661
minas novas;23514
minduri;3808
mineiros;76188
mineiros do tiete;11297
ministro andreazza;6389
mira estrela;3218
mirabela;14110
miracatu;18549
miracema;28418
miracema do tocantins;18576
mirador;21552
miradouro;8899
miraguai;4501
mirai;13920
miraima;14912
miranda;26535
miranda do norte;24371
mirandiba;14610
mirandopolis;28770
mirangaba;16150
miranorte;13090
mirante;10529
mirante da serra;9579
mirante do paranapanema;15997
miraselva;2024
mirassol;66102
mirassol d oeste;27763
mirassolandia;4795
miravania;3955
mirim doce;2546
mirinzal;14298
missal;11459
missao velha;39215
mocajuba;28982
mococa;69415
modelo;4162
moeda;5340
moema;7843
mogeiro;14492
mogi das cruzes;472255
mogi guacu;160841
mogi mirim;95929
moipora;1680
moita bonita;11305
moju;92688
mojui dos campos;26305
mombaca;38264
mombuca;3844
moncao;28526
moncoes;1941
mondai;10196
mongagua;65321
monjolos;2178
monsenhor gil;10514
monsenhor hipolito;7772
monsenhor paulo;8579
monsenhor tabosa;17675
montadas;6201
montalvania;13982
montanha;19891
montanhas;11794
montauri;1530
monte alegre;64350
monte alegre de goias;6456
monte alegre de minas;20748
monte alegre de sergipe;14829
monte alegre do piaui;10945
monte alegre do sul;8967
monte alegre dos campos;3251
monte alto;48787
monte aprazivel;22684
monte azul;20421
monte azul paulista;18314
monte belo;13353
monte belo do sul;2608
monte carlo;9201
monte carmelo;49637
monte castelo;4311
monte das gameleiras;2347
monte do carmo;5614
monte formoso;4425
monte horebe;4422
monte mor;68311
monte negro;12100
monte santo;49793
monte santo de minas;21288
monte santo do tocantins;2541
monte siao;25271
monteiro;34023
monteiro lobato;4206
monteiropolis;7345
montenegro;66353
montes altos;9304
montes claros;440700
montes claros de goias;9074
montezuma;6925
montividiu;13227
montividiu do norte;3717
morada nova;65453
morada nova de minas;9462
moraujo;8557
moreilandia;10829
moreira sales;10955
moreno;57661
mormaco;2796
morpara;8209
morretes;19248
morrinhos;23880
morrinhos do sul;3133
morro agudo;28485
morro agudo de goias;2511
morro cabeca no tempo;4453
morro da fumaca;19708
morro da garca;2414
morro do chapeu;35245
morro do chapeu do piaui;6546
morro do pilar;3149
morro grande;3108
morro redondo;6168
morro reuter;6167
morros;19033
mortugaba;11469
morungaba;14206
mossamedes;4599
mossoro;279100
mostardas;12347
motuca;4063
mozarlandia;15287
muana;50314
mucajai;20398
mucambo;13988
mucuge;12768
mucum;4692
mucuri;40213
mucurici;5667
muitos capoes;2937
muliterno;1754
mulungu;11131
mulungu do morro;13660
mundo novo;16997
munhoz;7997
munhoz de melo;4075
muniz ferreira;7462
muniz freire;18806
muquem do sao francisco;10810
muqui;14160
muriae;108716
muribeca;8084
murici;25923
murici dos portelas;10274
muricilandia;3517
muritiba;30210
murutinga do sul;3734
mutuipe;20569
mutum;28824
mutunopolis;3517
muzambinho;22708
nacip raydan;2365
nantes;2696
nanuque;34989
nao me toque;18335
naque;6445
narandiba;5999
natal;783196
natalandia;3656
natercia;4810
natividade;8950
natividade da serra;7164
natuba;8860
navegantes;98421
navirai;53307
nazare;4684
nazare da mata;32205
nazare do piaui;6668
nazare paulista;18729
nazareno;8424
nazarezinho;7396
nazaria;11174
nazario;8367
neopolis;16394
nepomuceno;25741
neropolis;34826
neves paulista;9981
nhamunda;21394
nhandeara;9888
nicolau vergueiro;1982
nilo pecanha;12381
nilopolis;155478
nina rodrigues;14621
ninheira;11011
nioaque;13298
nipoa;4891
niquelandia;33329
nisia floresta;34674
niteroi;516820
nobres;15838
nonoai;14074
nordestina;19903
normandia;16908
nortelandia;5845
nossa senhora aparecida;9570
nossa senhora da gloria;44088
nossa senhora das dores;25600
nossa senhora das gracas;3653
nossa senhora de lourdes;6413
nossa senhora de nazare;5634
nossa senhora do livramento;11659
nossa senhora do socorro;205611
nossa senhora dos remedios;8767
nova alianca;6910
nova alianca do ivai;1316
nova alvorada;3229
nova alvorada do sul;23747
nova america;2384
nova america da colina;3274
nova andradina;51081
nova araca;5098
nova aurora;14448
nova bandeirantes;14519
nova bassano;9867
nova belem;3098
nova boa vista;2089
nova brasilandia;3730
nova brasilandia d oeste;16251
nova brescia;3104
nova campina;8630
nova canaa;13910
nova canaa do norte;11697
nova canaa paulista;2053
nova candelaria;3138
nova cantu;6700
nova castilho;1070
nova colinas;5152
nova crixas;13210
nova cruz;35514
nova era;17818
nova erechim;5553
nova esperanca;27140
nova esperanca do piria;21346
nova esperanca do sudoeste;5814
nova esperanca do sul;4976
nova europa;9460
nova fatima;8301
nova floresta;9799
nova friburgo;203460
nova gloria;8337
nova granada;19741
nova guarita;4513
nova guataporanga;2187
nova hartz;20559
nova ibia;6691
nova iguacu;843367
nova iguacu de goias;3096
nova independencia;4894
nova iorque;4405
nova ipixuna;14383
nova itaberaba;4696
nova itarana;8085
nova lacerda;7178
nova laranjeiras;12318
nova lima;122683
nova londrina;13065
nova luzitania;2799
nova mamore;28894
nova marilandia;3784
nova maringa;5636
nova modica;3722
nova monte verde;8489
nova mutum;65663
nova nazare;4681
nova odessa;64924
nova olimpia;6002
nova olinda;10592
nova olinda do maranhao;14302
nova olinda do norte;27965
nova padua;2389
nova palma;5676
nova palmeira;4356
nova petropolis;23934
nova ponte;15321
nova porteirinha;6714
nova prata;26638
nova prata do iguacu;13482
nova ramada;2198
nova redencao;7634
nova resende;16981
nova roma;2992
nova roma do sul;3545
nova rosalandia;3362
nova russas;32089
nova santa barbara;4325
nova santa helena;4572
nova santa rita;4141
nova santa rosa;8624
nova serrana;116570
nova soure;24828
nova tebas;6818
nova timboteua;13147
nova trento;14536
nova ubirata;9929
nova uniao;6506
nova venecia;52531
nova veneza;14042
nova vicosa;41699
nova xavantina;26340
novais;4457
novo acordo;4134
novo airao;16648
novo alegre;1794
novo aripuana;25506
novo barreiro;4375
novo brasil;3566
novo cabrais;3633
novo cruzeiro;27094
novo gama;108219
novo hamburgo;235801
novo horizonte;11605
novo horizonte do norte;3227
novo horizonte do oeste;7894
novo horizonte do sul;4791
novo itacolomi;3246
novo jardim;2241
novo lino;10280
novo machado;3238
novo mundo;6292
novo oriente;29148
novo oriente de minas;10506
novo oriente do piaui;6141
novo planalto;3684
novo progresso;37570
novo repartimento;63836
novo santo antonio;2889
novo sao joaquim;7317
novo tiradentes;2187
novo triunfo;10935
novo xingu;1677
novorizonte;4594
nuporanga;7587
obidos;55774
ocara;25322
ocaucu;4423
oeiras;39275
oeiras do para;37078
oiapoque;31071
olaria;1985
oleo;2530
olho d agua;6010
olho d agua das cunhas;18281
olho d agua das flores;21137
olho d agua do borges;3725
olho d agua do casado;8522
olho d agua do piaui;2708
olho d agua grande;4379
olhos d agua;5539
olimpia;57028
olimpio noronha;2621
olinda;364087
olinda nova do maranhao;13932
olindina;22838
olivedos;3676
oliveira;40599
oliveira de fatima;1228
oliveira dos brejinhos;21315
oliveira fortes;2054
olivenca;11047
onca de pitangui;3021
onda verde;4969
oratorios;5127
oriente;6180
orindiuva;6167
oriximina;73301
orizania;8893
orizona;17177
orlandia;39099
orleans;24901
orobo;22389
oroco;14157
oros;19871
ortigueira;24808
osasco;761441
oscar bressane;2500
osorio;49000
osvaldo cruz;32123
otacilio costa;17965
ourem;18886
ouricangas;7912
ouricuri;68637
ourilandia do norte;35585
ourinhos;106941
ourizona;3181
ouro;7033
ouro branco;5095
ouro fino;33340
ouro preto;78210
ouro preto do oeste;38686
ouro velho;3003
ouro verde;7899
ouro verde de goias;4109
ouro verde de minas;5837
ouro verde do oeste;7169
ouroeste;10717
ourolandia;20236
ouvidor;7785
pacaembu;15322
pacaja;43882
pacajus;76051
pacaraima;24132
pacatuba;87219
paco do lumiar;153903
pacoti;11402
pacuja;6351
padre bernardo;37709
padre carvalho;5007
padre marcos;6457
padre paraiso;17394
paes landim;4338
pai pedro;5599
paial;2022
paicandu;49694
paim filho;3685
paineiras;4235
painel;2201
pains;8364
paiva;1491
pajeu do piaui;3024
palestina;4407
palestina de goias;3094
palestina do para;7041
palhano;9745
palhoca;261287
palma;5658
palma sola;7684
palmacia;10169
palmares;56346
palmares do sul;13190
palmares paulista;9627
palmas;333154
palmas de monte alto;20656
palmeira;35054
palmeira d oeste;8951
palmeira das missoes;34227
palmeira do piaui;5046
palmeira dos indios;73631
palmeirais;13439
palmeirandia;21702
palmeirante;4900
palmeiras;10962
palmeiras de goias;34985
palmeiras do tocantins;4806
palmeirina;7059
palmeiropolis;7090
palmelo;2260
palminopolis;3978
palmital;19666
palmitinho;8042
palmitos;15750
palmopolis;6313
palotina;37431
panama;2414
panambi;45103
pancas;18914
panelas;23234
panorama;15239
pantano grande;10443
pao de acucar;24291
papagaios;14197
papanduva;19869
paqueta;3842
para de minas;103611
paracambi;43451
paracatu;99578
paracuru;42317
paragominas;114128
paraguacu;22541
paraguacu paulista;42014
parai;7362
paraiba do sul;44485
paraibano;18564
paraibuna;17968
paraipaba;34266
paraiso;6224
paraiso das aguas;5904
paraiso do norte;13819
paraiso do sul;6620
paraiso do tocantins;56223
paraisopolis;21143
parambu;32916
paramirim;21104
paramoti;10399
parana;10899
paranacity;9506
paranagua;150436
paranaiba;42728
paranaiguara;7245
paranaita;12167
paranapanema;19901
paranapoema;2328
paranapua;4125
paranatama;12838
paranatinga;29528
paranavai;96870
paranhos;13412
paraopeba;24993
parapua;10712
parari;1739
paratinga;30689
paraty;47694
parau;3642
parauapebas;312427
parauna;10706
parazinho;4949
pardinho;7482
pareci novo;4441
parecis;4356
parelhas;22300
pariconha;10809
parintins;101754
paripiranga;27854
paripueira;14208
pariquera acu;19627
parisi;3056
parnagua;10276
parnaiba;171342
parnamirim;273952
parnarama;32212
parobe;53569
passa e fica;11407
passa quatro;15852
passa sete;4024
passa tempo;8735
passa vinte;2320
passabem;1601
passagem;3244
passagem franca;17590
passagem franca do piaui;4223
passira;29767
passo de camaragibe;14068
passo de torres;15421
passo do sobrado;6155
passo fundo;214815
passos;117349
passos maia;3964
pastos bons;19284
patis;4789
pato bragado;6060
pato branco;99041
patos;108416
patos de minas;170404
patos do piaui;5394
patrocinio;94834
patrocinio do muriae;5772
patrocinio paulista;14934
patu;11186
paty do alferes;31382
pau brasil;9494
pau d arco;7410
pau d arco do piaui;3986
pau dos ferros;32259
paudalho;60187
pauini;20330
paula candido;8730
paula freitas;5720
pauliceia;8303
paulinia;117554
paulino neves;17625
paulista;12184
paulistana;21698
paulistania;2166
paulistas;4377
paulo afonso;119686
paulo bento;2188
paulo de faria;7354
paulo frontin;6385
paulo jacinto;6689
paulo lopes;10093
paulo ramos;20803
pavao;8119
paverama;8146
pavussu;3696
pe de serra;13678
peabiru;13476
pecanha;17882
pederneiras;46439
pedra;23732
pedra azul;25088
pedra bela;6768
pedra bonita;7638
pedra branca;42198
pedra branca do amapari;13971
pedra do anta;3360
pedra do indaia;4262
pedra dourada;2948
pedra grande;3743
pedra lavrada;6963
pedra mole;2804
pedra preta;2491
pedralva;10860
pedranopolis;2863
pedrao;6392
pedras altas;2099
pedras de fogo;31549
pedras de maria da cruz;10584
pedras grandes;4371
pedregulho;15732
pedreira;44433
pedreiras;38239
pedrinhas;7298
pedrinhas paulista;2829
pedrinopolis;3392
pedro afonso;15051
pedro alexandre;14169
pedro avelino;6281
pedro canario;21803
pedro de toledo;11650
pedro do rosario;24989
pedro gomes;6850
pedro ii;38978
pedro laurentino;2510
pedro leopoldo;65424
pedro osorio;7631
pedro regis;5937
pedro teixeira;1859
pedro velho;14196
peixe;9332
peixe boi;8720
peixoto de azevedo;33907
pejucara;3817
pelotas;336150
penaforte;9403
penalva;33463
penapolis;63523
pendencias;12464
penedo;60183
penha;37775
pentecoste;40081
pequeri;3472
pequi;4271
pequizeiro;5032
perdigao;13301
perdizes;18145
perdoes;22154
pereira barreto;24334
pereiras;9052
pereiro;15848
peri mirim;11187
periquito;6602
peritiba;3041
peritoro;20896
perobal;7691
perola;12493
perola d oeste;6184
perolandia;2999
peruibe;70891
pescador;3532
pescaria brava;10696
pesqueira;65549
petrolandia;36209
petrolina;422461
petrolina de goias;9464
petropolis;294954
piacabucu;16189
piacatu;5638
pianco;17166
piata;21010
piau;2853
picada cafe;5473
picarra;13390
picos;87129
picui;18888
piedade;54291
piedade de caratinga;9046
piedade de ponte nova;4052
piedade do rio grande;4691
piedade dos gerais;5222
pien;14557
pilao arcado;37493
pilar;12972
pilar de goias;2221
pilar do sul;28496
piloes;2976
piloezinhos;5562
pimenta;8839
pimenta bueno;39377
pimenteiras;11471
pimenteiras do oeste;2308
pindai;15106
pindamonhangaba;173267
pindare mirim;32560
pindoba;2785
pindobacu;19579
pindorama;14689
pindorama do tocantins;4602
pindoretama;25214
pingo d agua;4882
pinhais;131857
pinhal;3039
pinhal da serra;2300
pinhal de sao bento;2813
pinhal grande;3861
pinhalao;6698
pinhalzinho;15740
pinhao;5750
pinheiral;25102
pinheirinho do vale;4638
pinheiro;88241
pinheiro machado;11394
pinheiro preto;3662
pinheiros;24861
pintadas;10651
pinto bandeira;2785
pintopolis;7225
pio ix;17949
pio xii;22378
piquerobi;3279
piquet carneiro;17363
piquete;12468
piracaia;26823
piracanjuba;25436
piracema;6924
piracicaba;442635
piracuruca;29801
pirai;29072
pirai do norte;11527
pirai do sul;23991
piraju;30324
pirajuba;5864
pirajui;22726
pirambu;8006
piranga;17356
pirangi;11093
pirangucu;6366
piranguinho;9581
piranhas;23053
pirapemas;18143
pirapetinga;11498
pirapo;2255
pirapora;57873
pirapora do bom jesus;19005
pirapozinho;26125
piraquara;129035
piraque;2195
pirassununga;75701
piratini;17770
piratininga;15748
piratuba;6233
pirauba;12052
pirenopolis;28292
pires do rio;33974
pires ferreira;11014
piripa;9042
piripiri;68076
piritiba;17569
pirpirituba;9358
pitanga;34583
pitangueiras;34311
pitangui;27929
pitimbu;17168
pium;7440
piuma;24176
piumhi;38257
placas;18258
placido de castro;17088
planaltina;113950
planaltina do parana;4123
planaltino;8226
planalto;24018
planalto alegre;3085
planalto da serra;3369
planura;11579
platina;3050
poa;106288
pocao;10781
pocao de pedras;17351
pocinhos;18083
poco branco;12514
poco dantas;3935
poco das antas;2224
poco das trincheiras;12962
poco de jose de moura;4132
poco fundo;16856
poco redondo;29352
poco verde;22221
pocoes;50893
pocone;31138
pocos de caldas;173100
pocrane;8409
pojuca;33541
poloni;5708
pombal;33933
pombos;29261
pomerode;37602
pompeia;20528
pompeu;32570
pongai;3437
ponta de pedras;25707
ponta grossa;378527
ponta pora;99572
pontal;38206
pontal do araguaia;7580
pontal do parana;33730
pontalina;18838
pontalinda;4199
pontao;3345
ponte alta;4350
ponte alta do bom jesus;4266
ponte alta do norte;3234
ponte alta do tocantins;7905
ponte branca;2119
ponte nova;59703
ponte preta;1602
ponte serrada;10708
pontes e lacerda;56720
pontes gestal;2407
ponto belo;6640
ponto chique;3788
ponto dos volantes;11041
ponto novo;18848
populina;4179
poranga;12458
porangaba;10915
porangatu;45620
porciuncula;17833
porecatu;11113
portalegre;7875
portao;35274
porteirao;4325
porteiras;18002
porteirinha;38714
portel;68236
portelandia;3149
porto;12332
porto acre;17585
porto alegre;1388791
porto alegre do norte;12774
porto alegre do piaui;2373
porto alegre do tocantins;2967
porto amazonas;4046
porto barreiro;3023
porto belo;32615
porto calvo;24505
porto da folha;27345
porto de moz;44552
porto de pedras;9520
porto do mangue;5345
porto dos gauchos;5720
porto esperidiao;10011
porto estrela;3102
porto feliz;58837
porto ferreira;54005
porto firme;10854
porto franco;24618
porto grande;19103
porto lucena;4413
porto maua;2173
porto murtinho;12584
porto nacional;70507
porto real;21101
porto real do colegio;20277
porto rico;3410
porto rico do maranhao;6092
porto seguro;184087
porto uniao;33657
porto velho;520379
porto vera cruz;1582
porto vitoria;3487
porto walter;11386
porto xavier;10127
posse;36517
pote;13553
potengi;8786
potim;20831
potiragua;10659
potirendaba;19189
potiretama;6126
pouso alegre;163439
pouso alto;6801
pouso novo;1771
pouso redondo;18270
poxoreu;25614
pracinha;2581
pracuuba;4053
prado;37733
prado ferreira;3833
pradopolis;17291
prados;9409
praia grande;371190
praia norte;9640
prainha;39132
pranchita;5838
prata;4038
prata do piaui;3094
pratania;5280
pratapolis;8518
pratinha;3709
presidente alves;3820
presidente bernardes;4814
presidente castello branco;1700
presidente castelo branco;4277
presidente dutra;46631
presidente epitacio;40267
presidente figueiredo;33580
presidente getulio;22226
presidente janio quadros;12941
presidente juscelino;11616
presidente kennedy;2983
presidente kubitschek;3169
presidente lucena;3166
presidente medici;20372
presidente nereu;2349
presidente olegario;19205
presidente prudente;235264
presidente sarney;17936
presidente tancredo neves;29622
presidente vargas;10791
presidente venceslau;35728
primavera;11424
primavera de rondonia;3259
primavera do leste;99053
primeira cruz;13918
primeiro de maio;10018
princesa;3080
princesa isabel;21688
professor jamil;3768
progresso;5423
promissao;35957
propria;27157
protasio alves;2070
prudente de morais;12157
prudentopolis;50988
pugmil;2215
pureza;10283
putinga;3809
puxinana;15041
quadra;3482
quarai;23995
quartel geral;3227
quarto centenario;4087
quata;13423
quatigua;8491
quatipuru;11807
quatis;14168
quatro barras;25663
quatro irmaos;1577
quatro pontes;4714
quebrangulo;11303
quedas do iguacu;31431
queimada nova;8958
queimadas;51156
queimados;149155
queiroz;3380
queluz;9009
queluzito;1792
querencia;32368
querencia do norte;10560
quevedos;2553
quijingue;26431
quilombo;11502
quinta do sol;5047
quintana;7291
quinze de novembro;4003
quipapa;17507
quirinopolis;50665
quissama;23149
quitandinha;18963
quiterianopolis;20580
quixaba;1807
quixabeira;9861
quixada;89190
quixelo;17004
quixeramobim;87030
quixere;21707
rafael fernandes;5714
rafael godeiro;3002
rafael jambeiro;20023
rafard;9156
ramilandia;4284
rancharia;29381
rancho alegre;3445
rancho alegre d oeste;2609
rancho queimado;3533
raposa;32246
raposos;16854
raul soares;23866
realeza;20276
reboucas;14846
recife;1588983
recreio;11426
recursolandia;3438
redencao;93414
redencao da serra;4656
redencao do gurgueia;8566
redentora;9931
reduto;8317
regeneracao;17385
regente feijo;20671
reginopolis;7830
registro;62101
relvado;1825
remanso;42957
remigio;18424
renascenca;6947
reriutaba;19043
resende;137739
resende costa;11567
reserva;24856
reserva do cabacal;1978
reserva do iguacu;6447
resplendor;17646
ressaquinha;4638
restinga;6480
restinga seca;15205
retirolandia;14199
riachao;22776
riachao das neves;22352
riachao do bacamarte;4942
riachao do dantas;18505
riachao do jacuipe;35251
riachao do poco;5030
riachinho;4020
riacho da cruz;2708
riacho das almas;21561
riacho de santana;4247
riacho de santo antonio;2082
riacho dos cavalos;8813
riacho dos machados;8831
riacho frio;4235
riachuelo;7663
rialma;12776
rianapolis;3849
ribamar fiquene;7605
ribas do rio pardo;24300
ribeira;3151
ribeira do amparo;14529
ribeira do piaui;4096
ribeira do pombal;56449
ribeirao;33464
ribeirao bonito;11006
ribeirao branco;18953
ribeirao cascalheira;10650
ribeirao claro;12959
ribeirao corrente;4727
ribeirao das neves;348996
ribeirao do largo;10021
ribeirao do pinhal;13129
ribeirao do sul;4783
ribeirao dos indios;2035
ribeirao grande;7572
ribeirao pires;119023
ribeirao preto;734538
ribeirao vermelho;4233
ribeiraozinho;2768
ribeiro goncalves;6151
ribeiropolis;17368
rifaina;4198
rincao;9061
rinopolis;9314
rio acima;10772
rio azul;14174
rio bananal;20467
rio bom;3206
rio bonito;59147
rio bonito do iguacu;14345
rio branco;390058
rio branco do ivai;3835
rio branco do sul;40745
rio brilhante;40880
rio casca;12785
rio claro;17951
rio crespo;3781
rio da conceicao;1832
rio das antas;6405
rio das flores;9269
rio das ostras;168626
rio das pedras;32386
rio de contas;13641
rio de janeiro;6731133
rio do antonio;13469
rio do campo;6663
rio do fogo;10711
rio do oeste;8160
rio do pires;10764
rio do prado;4622
rio do sul;78666
rio doce;2547
rio dos bois;2858
rio dos cedros;11247
rio dos indios;2866
rio espera;5417
rio formoso;20322
rio fortuna;5081
rio grande;198935
rio grande da serra;45331
rio grande do piaui;5824
rio largo;97742
rio manso;5765
rio maria;19250
rio negrinho;40096
rio negro;31954
rio novo;8678
rio novo do sul;11471
rio paranaiba;15443
rio pardo;35641
rio pardo de minas;29083
rio piracicaba;15069
rio pomba;17912
rio preto;5230
rio preto da eva;25342
rio quente;4072
rio real;36938
rio rufino;2426
rio sono;4642
rio tinto;25600
rio verde;244881
rio verde de mato grosso;20513
rio vermelho;12725
riolandia;10436
riozinho;4574
riqueza;4821
ritapolis;5128
riversul;5611
roca sales;10646
rochedo;5494
rochedo de minas;2384
rodeio;13665
rodeio bonito;6831
rodeiro;9267
rodelas;10959
rodolfo fernandes;4342
rodrigues alves;15580
rolador;2330
rolandia;76671
rolante;21753
rolim de moura;63336
romaria;3421
romelandia;4613
roncador;11321
ronda alta;9969
rondinha;5078
rondolandia;3508
rondon;9261
rondon do para;57452
rondonopolis;268202
roque gonzales;6692
rorainopolis;38840
rosana;17366
rosario;39759
rosario da limeira;4954
rosario do catete;9516
rosario do ivai;5475
rosario do sul;37673
rosario oeste;14848
roseira;11174
roteiro;6606
rubelita;5354
rubiacea;2739
rubiataba;20239
rubim;10628
rubineia;4028
ruropolis;37042
russas;75073
ruy barbosa;3241
sabara;134850
sabaudia;9678
sabino;5179
sabinopolis;14240
saboeiro;13854
sacramento;28251
sagrada familia;2528
sagres;2524
saire;11208
saldanha marinho;2619
sales;6675
sales oliveira;11708
salesopolis;15368
salete;7659
salgadinho;3434
salgado;20874
salgado de sao felix;11723
salgado filho;4074
salgueiro;66233
salinas;41826
salinas da margarida;15685
salinopolis;49140
salitre;17381
salmourao;4883
saloa;14081
saltinho;8441
salto;141994
salto da divisa;6091
salto de pirapora;45373
salto do ceu;3636
salto do itarare;5214
salto do jacui;10357
salto do lontra;15800
salto grande;9229
salto veloso;4508
salvador;2559945
salvador das missoes;2955
salvador do sul;7184
salvaterra;25925
sambaiba;6238
sampaio;4422
sananduva;16770
sanclerlandia;8107
sandolandia;3927
sandovalina;3696
sangao;14022
sanharo;18699
sant ana do livramento;87330
santa adelia;14183
santa albertina;6586
santa amelia;3333
santa barbara;21845
santa barbara d oeste;189562
santa barbara de goias;6332
santa barbara do leste;8831
santa barbara do monte verde;3236
santa barbara do para;22764
santa barbara do sul;8268
santa barbara do tugurio;4228
santa branca;14226
santa brigida;15411
santa carmem;5912
santa cecilia;8191
santa cecilia do pavao;3340
santa cecilia do sul;1710
santa clara d oeste;2710
santa clara do sul;7080
santa cruz;39198
santa cruz cabralia;31148
santa cruz da baixa verde;11936
santa cruz da conceicao;4383
santa cruz da esperanca;2173
santa cruz da vitoria;4612
santa cruz das palmeiras;29456
santa cruz de goias;2993
santa cruz de minas;8357
santa cruz de monte castelo;8872
santa cruz de salinas;3896
santa cruz do arari;7599
santa cruz do capibaribe;105386
santa cruz do escalvado;4714
santa cruz do piaui;6028
santa cruz do rio pardo;47833
santa cruz do sul;138273
santa cruz do xingu;2974
santa cruz dos milagres;3432
santa efigenia de minas;4011
santa ernestina;6291
santa fe;11789
santa fe de goias;5058
santa fe de minas;3507
santa fe do araguaia;7575
santa fe do sul;36458
santa filomena;6210
santa filomena do maranhao;6828
santa gertrudes;23249
santa helena;43278
santa helena de goias;39719
santa helena de minas;6054
santa ines;88320
santa isabel;54775
santa isabel do ivai;9052
santa isabel do rio negro;13724
santa izabel do oeste;14519
santa izabel do para;80039
santa juliana;17058
santa leopoldina;13950
santa lucia;7111
santa luz;5410
santa luzia;58667
santa luzia d oeste;7798
santa luzia do itanhy;14038
santa luzia do norte;7067
santa luzia do para;21370
santa luzia do parua;24907
santa margarida;17071
santa margarida do sul;2661
santa maria;5006
santa maria da boa vista;42874
santa maria da serra;5303
santa maria da vitoria;40486
santa maria das barreiras;17051
santa maria de itabira;10721
santa maria de jetiba;45975
santa maria do cambuca;14634
santa maria do herval;6486
santa maria do oeste;9786
santa maria do para;25930
santa maria do salto;4752
santa maria do suacui;12741
santa maria do tocantins;2707
santa maria madalena;10580
santa mariana;10856
santa mercedes;3020
santa monica;3348
santa quiteria;41496
santa quiteria do maranhao;24501
santa rita;38625
santa rita d oeste;2802
santa rita de caldas;8537
santa rita de cassia;28932
santa rita de ibitipoca;3318
santa rita de jacutinga;4816
santa rita de minas;6984
santa rita do araguaia;5690
santa rita do itueto;5994
santa rita do novo destino;2575
santa rita do pardo;7156
santa rita do passa quatro;24938
santa rita do sapucai;42703
santa rita do tocantins;2306
santa rita do trivelato;3609
santa rosa;79489
santa rosa da serra;3497
santa rosa de goias;2819
santa rosa de lima;4059
santa rosa de viterbo;23697
santa rosa do piaui;4643
santa rosa do purus;7285
santa rosa do sul;10595
santa rosa do tocantins;4809
santa salete;1698
santa teresa;23977
santa teresinha;4485
santa tereza;1529
santa tereza de goias;3120
santa tereza do oeste;14113
santa tereza do tocantins;2925
santa terezinha;10464
santa terezinha de goias;10856
santa terezinha de itaipu;25510
santa terezinha do progresso;2506
santa terezinha do tocantins;2459
santa vitoria;22073
santa vitoria do palmar;31965
santaluz;40196
santana;119224
santana da boa vista;7128
santana da ponte pensa;1700
santana da vargem;6731
santana de cataguases;3543
santana de mangueira;5075
santana de parnaiba;165193
santana de pirapama;6982
santana do acarau;32218
santana do araguaia;29273
santana do cariri;17393
santana do deserto;3811
santana do garambeu;2167
santana do ipanema;47426
santana do itarare;5663
santana do jacare;4228
santana do manhuacu;9290
santana do maranhao;10744
santana do matos;12700
santana do mundau;11574
santana do paraiso;49978
santana do piaui;4114
santana do riacho;5724
santana do sao francisco;7566
santana do serido;2804
santana dos garrotes;6580
santana dos montes;3474
santanopolis;9046
santarem;364298
santarem novo;6362
santiago;50336
santiago do sul;1749
santo afonso;2372
santo amaro;58384
santo amaro da imperatriz;30790
santo amaro das brotas;11281
santo amaro do maranhao;14294
santo anastacio;17884
santo andre;2714
santo angelo;79146
santo antonio;22807
santo antonio da alegria;6947
santo antonio da barra;4266
santo antonio da patrulha;44431
santo antonio da platina;45730
santo antonio das missoes;10485
santo antonio de goias;8254
santo antonio de jesus;110268
santo antonio de leverger;16882
santo antonio de lisboa;5923
santo antonio de padua;43703
santo antonio de posse;23945
santo antonio do amparo;17664
santo antonio do aracangua;8616
santo antonio do aventureiro;3910
santo antonio do caiua;2460
santo antonio do descoberto;75814
santo antonio do grama;4362
santo antonio do ica;30987
santo antonio do itambe;3960
santo antonio do jacinto;10254
santo antonio do jardim;6248
santo antonio do leste;4275
santo antonio do monte;28549
santo antonio do palma;2134
santo antonio do paraiso;2070
santo antonio do pinhal;7333
santo antonio do planalto;2138
santo antonio do retiro;6715
santo antonio do rio abaixo;1858
santo antonio do sudoeste;25273
santo antonio do taua;29330
santo antonio dos lopes;14632
santo antonio dos milagres;2173
santo augusto;14196
santo cristo;15667
santo estevao;55333
santo expedito;3075
santo expedito do sul;2395
santo hipolito;2667
santo inacio;6521
santo inacio do piaui;3632
santopolis do aguapei;3909
santos;429528
santos dumont;43054
sao benedito;50274
sao benedito do rio preto;18825
sao benedito do sul;13435
sao bentinho;4506
sao bento;48280
sao bento abade;4855
sao bento do norte;3457
sao bento do sapucai;12025
sao bento do sul;88401
sao bento do tocantins;6070
sao bento do trairi;3888
sao bento do una;51075
sao bernardino;2715
sao bernardo;27930
sao bernardo do campo;842558
sao bonifacio;2977
sao borja;61311
sao bras;6557
sao bras do suacui;4189
sao braz do piaui;4457
sao caetano de odivelas;17267
sao caetano do sul;173216
sao caitano;39358
sao carlos;267441
sao carlos do ivai;6741
sao cristovao;111567
sao cristovao do sul;6586
sao desiderio;35161
sao domingos;2612
sao domingos das dores;5808
sao domingos do araguaia;21475
sao domingos do azeitao;8255
sao domingos do capim;32655
sao domingos do cariri;2700
sao domingos do maranhao;35269
sao domingos do norte;9089
sao domingos do prata;17794
sao domingos do sul;2806
sao felipe;20927
sao felipe d oeste;5571
sao felix;11014
sao felix de balsas;4487
sao felix de minas;3237
sao felix do araguaia;14873
sao felix do coribe;15816
sao felix do piaui;2874
sao felix do tocantins;1919
sao felix do xingu;63393
sao fernando;3612
sao fidelis;41220
sao francisco;3163
sao francisco de assis;17934
sao francisco de assis do piaui;5722
sao francisco de goias;6522
sao francisco de itabapoana;47411
sao francisco de paula;6269
sao francisco de sales;5859
sao francisco do brejao;9184
sao francisco do conde;41272
sao francisco do gloria;4831
sao francisco do guapore;17601
sao francisco do maranhao;12367
sao francisco do oeste;4333
sao francisco do para;15439
sao francisco do piaui;5317
sao francisco do sul;57649
sao gabriel;19246
sao gabriel da cachoeira;58359
sao gabriel da palha;34313
sao gabriel do oeste;32696
sao geraldo;10531
sao geraldo da piedade;3145
sao geraldo do araguaia;24882
sao geraldo do baixio;3142
sao goncalo;959977
sao goncalo do abaete;7510
sao goncalo do amarante;58848
sao goncalo do gurgueia;3033
sao goncalo do para;12353
sao goncalo do piaui;4922
sao goncalo do rio abaixo;12590
sao goncalo do rio preto;3099
sao goncalo do sapucai;24513
sao goncalo dos campos;42409
sao gotardo;44364
sao jeronimo;21412
sao jeronimo da serra;10853
sao joao;25009
sao joao batista;18871
sao joao batista do gloria;8003
sao joao d alianca;15290
sao joao da baliza;10215
sao joao da barra;38756
sao joao da boa vista;96365
sao joao da canabrava;4287
sao joao da fronteira;5601
sao joao da lagoa;4973
sao joao da mata;3023
sao joao da parauna;1817
sao joao da ponta;4432
sao joao da ponte;24128
sao joao da serra;6232
sao joao da urtiga;4546
sao joao da varjota;4910
sao joao das duas pontes;2623
sao joao das missoes;13623
sao joao de iracema;1884
sao joao de meriti;466487
sao joao de pirabas;21505
sao joao del rei;94852
sao joao do araguaia;14338
sao joao do arraial;8535
sao joao do caiua;5587
sao joao do cariri;4348
sao joao do caru;12305
sao joao do itaperiu;4920
sao joao do ivai;10586
sao joao do jaguaribe;5579
sao joao do manhuacu;11735
sao joao do manteninha;5490
sao joao do oeste;6492
sao joao do oriente;7061
sao joao do pacui;4047
sao joao do paraiso;10078
sao joao do pau d alho;2297
sao joao do piaui;22231
sao joao do polesine;2708
sao joao do rio do peixe;18531
sao joao do sabugi;6142
sao joao do soter;17252
sao joao do sul;9428
sao joao do tigre;4355
sao joao do triunfo;13900
sao joao dos patos;25926
sao joao evangelista;15609
sao joao nepomuceno;26577
sao joaquim;27109
sao joaquim da barra;49948
sao joaquim de bicas;37509
sao joaquim do monte;20436
sao jorge;2976
sao jorge d oeste;9605
sao jorge do ivai;5149
sao jorge do patrocinio;6718
sao jose;301218
sao jose da barra;8203
sao jose da bela vista;7640
sao jose da boa vista;5994
sao jose da coroa grande;19549
sao jose da lagoa tapada;7234
sao jose da laje;21175
sao jose da lapa;28445
sao jose da safira;3837
sao jose da tapera;31574
sao jose da varginha;4719
sao jose da vitoria;5415
sao jose das missoes;2399
sao jose das palmeiras;4039
sao jose de caiana;4904
sao jose de espinharas;4015
sao jose de mipibu;50386
sao jose de piranhas;19571
sao jose de princesa;3267
sao jose de ribamar;260695
sao jose de uba;7328
sao jose do alegre;4261
sao jose do barreiro;3881
sao jose do belmonte;37017
sao jose do bonfim;3341
sao jose do brejo do cruz;1753
sao jose do calcado;11451
sao jose do campestre;11259
sao jose do cedro;14597
sao jose do cerrito;8658
sao jose do divino;5304
sao jose do egito;32523
sao jose do goiabal;5472
sao jose do herval;1931
sao jose do hortencio;4555
sao jose do inhacora;2466
sao jose do jacuipe;10594
sao jose do jacuri;6267
sao jose do mantimento;2854
sao jose do norte;26248
sao jose do ouro;6978
sao jose do peixe;3282
sao jose do piaui;6887
sao jose do povo;2653
sao jose do rio claro;14250
sao jose do rio pardo;53437
sao jose do rio preto;506466
sao jose do sabugi;4295
sao jose do serido;4748
sao jose do sul;2443
sao jose do vale do rio preto;22775
sao jose do xingu;6299
sao jose dos ausentes;4295
sao jose dos basilios;7087
sao jose dos campos;729153
sao jose dos cordeiros;3450
sao jose dos pinhais;353874
sao jose dos quatro marcos;17613
sao jose dos ramos;6167
sao juliao;6130
sao leopoldo;225738
sao lourenco;47071
sao lourenco da mata;118719
sao lourenco da serra;16541
sao lourenco do oeste;26340
sao lourenco do piaui;4497
sao lourenco do sul;43278
sao ludgero;14667
sao luis;1090229
sao luis de montes belos;35539
sao luis do curu;10818
sao luis do piaui;2265
sao luis do quitunde;31783
sao luis gonzaga do maranhao;18097
sao luiz do anaua;7920
sao luiz do norte;4953
sao luiz do paraitinga;10485
sao luiz gonzaga;35865
sao mamede;7619
sao manoel do parana;2178
sao manuel;38099
sao marcos;21549
sao martinho;3539
sao martinho da serra;2908
sao mateus;135450
sao mateus do maranhao;40191
sao mateus do sul;43558
sao miguel;24509
sao miguel arcanjo;32943
sao miguel da baixa grande;2295
sao miguel da boa vista;1766
sao miguel das matas;10625
sao miguel das missoes;7193
sao miguel de taipu;7326
sao miguel do aleixo;3462
sao miguel do anta;6392
sao miguel do araguaia;22001
sao miguel do fidalgo;2801
sao miguel do gostoso;10679
sao miguel do guama;56135
sao miguel do guapore;22343
sao miguel do iguacu;30624
sao miguel do oeste;48490
sao miguel do passa quatro;4719
sao miguel do tapuio;17918
sao miguel do tocantins;14286
sao miguel dos campos;53376
sao miguel dos milagres;8705
sao nicolau;5243
sao patricio;2210
sao paulo;11911337
sao paulo das missoes;5943
sao paulo de olivenca;35619
sao paulo do potengi;17419
sao pedro;5877
sao pedro da agua branca;14829
sao pedro da aldeia;110735
sao pedro da cipa;4253
sao pedro da serra;3618
sao pedro da uniao;4968
sao pedro das missoes;1790
sao pedro de alcantara;6272
sao pedro do butia;3142
sao pedro do iguacu;5686
sao pedro do ivai;8423
sao pedro do parana;2736
sao pedro do piaui;14065
sao pedro do suacui;5121
sao pedro do sul;15863
sao pedro do turvo;7334
sao pedro dos crentes;6018
sao pedro dos ferros;7074
sao rafael;7879
sao raimundo das mangabeiras;19184
sao raimundo do doca bezerra;5755
sao raimundo nonato;41461
sao roberto;4554
sao romao;10570
sao roque;81387
sao roque de minas;7397
sao roque do canaa;11222
sao salvador do tocantins;2329
sao sebastiao;32709
sao sebastiao da amoreira;8028
sao sebastiao da bela vista;6857
sao sebastiao da boa vista;27853
sao sebastiao da grama;10378
sao sebastiao da vargem alegre;3257
sao sebastiao de lagoa de roca;11407
sao sebastiao do alto;7990
sao sebastiao do anta;6442
sao sebastiao do cai;24898
sao sebastiao do maranhao;10194
sao sebastiao do oeste;9689
sao sebastiao do paraiso;75593
sao sebastiao do passe;42951
sao sebastiao do rio preto;1211
sao sebastiao do rio verde;2396
sao sebastiao do tocantins;4176
sao sebastiao do uatuma;12415
sao sebastiao do umbuzeiro;3388
sao sepe;21551
sao simao;13533
sao tiago;11598
sao tomas de aquino;6822
sao tome;10136
sao tome das letras;7124
sao valentim;3320
sao valentim do sul;2255
sao valerio;4561
sao valerio do sul;2593
sao vendelino;2309
sao vicente;6546
sao vicente de minas;6922
sao vicente do serido;10683
sao vicente do sul;8257
sao vicente ferrer;19848
sape;53598
sapeacu;18699
sapezal;33520
sapiranga;77935
sapopema;6775
sapucai mirim;6477
sapucaia;6261
sapucaia do sul;136573
saquarema;95355
sarandi;130211
sarapui;10718
sardoa;5117
sarutaia;3775
sarzedo;40585
satiro dias;16468
satuba;25145
satubinha;8770
saubara;11875
saudade do iguacu;6479
saudades;10922
saude;10612
schroeder;22098
seabra;48894
seara;19633
sebastianopolis do sul;3194
sebastiao barros;3194
sebastiao laranjeiras;9556
sebastiao leal;4606
seberi;12325
sede nova;2750
segredo;6098
selbach;5223
selviria;8834
sem peixe;2400
sena madureira;44170
senador alexandre costa;10449
senador amaral;6572
senador canedo;180111
senador cortes;2349
senador eloi de souza;6046
senador firmino;8007
senador georgino avelino;4210
senador guiomard;22447
senador jose bento;2161
senador jose porfirio;25517
senador la rocque;15052
senador modestino goncalves;3979
senador pompeu;25076
senador rui palmeira;12544
senador sa;7581
senador salgado filho;2725
senges;17151
senhor do bonfim;78193
senhora de oliveira;5569
senhora do porto;3046
senhora dos remedios;10673
sentinela do sul;5424
sento se;40310
serafina correa;17407
sericita;7568
seringueiras;12973
serio;2089
seritinga;1869
seropedica;84821
serra;586901
serra alta;3374
serra azul;13153
serra azul de minas;3788
serra branca;14185
serra caiada;11257
serra da raiz;3150
serra da saudade;857
serra de sao bento;5869
serra do mel;13935
serra do navio;5019
serra do ramalho;36517
serra do salitre;12359
serra dos aimores;6786
serra dourada;17558
serra grande;3068
serra negra;31155
serra negra do norte;7799
serra nova dourada;1981
serra preta;18818
serra redonda;6967
serra talhada;99436
serrana;45734
serrania;7820
serrano do maranhao;10488
serranopolis;8272
serranopolis de minas;4498
serranopolis do iguacu;5188
serranos;2037
serraria;4673
serrinha;6608
serrinha dos pintos;4818
serrita;18769
serro;22695
serrolandia;13893
sertaneja;5642
sertania;34273
sertanopolis;16228
sertao;5630
sertao santana;5989
sertaozinho;5378
sete barras;12895
sete de setembro;1881
sete lagoas;239833
sete quedas;11343
setubinha;9940
severiano de almeida;3463
severiano melo;5610
severinia;14666
sideropolis;14223
sidrolandia;50079
sigefredo pacheco;9704
silva jardim;22029
silvania;23356
silvanopolis;5267
silveira martins;2056
silveirania;2408
silveiras;6341
silves;12827
silvianopolis;6359
simao dias;44708
simao pereira;3108
simoes;14677
simoes filho;120429
simolandia;5576
simonesia;20518
simplicio mendes;14613
sinimbu;8684
sinop;231452
siqueira campos;24299
sirinhaem;39113
siriri;7978
sitio d abadia;2982
sitio do mato;14030
sitio do quinto;14504
sitio novo;17470
sitio novo do tocantins;11554
sobradinho;27222
sobrado;8709
sobral;217690
sobralia;5107
socorro;41633
socorro do piaui;4148
solanea;27748
soledade;14435
soledade de minas;5733
solidao;5371
solonopole;18831
sombrio;32040
sonora;14804
sooretama;28876
sorocaba;766390
sorriso;128727
sossego;3490
soure;25409
sousa;70247
souto soares;17777
sucupira;1583
sucupira do norte;10470
sucupira do riachao;5076
sud mennucci;7461
sul brasil;2907
sulina;3501
sumare;292307
sume;17936
sumidouro;15695
surubim;68104
sussuapara;6264
suzanapolis;3466
suzano;321600
tabai;4569
tabapora;9882
tabapua;11497
tabatinga;74384
tabira;29261
taboao da serra;286201
tabocao;3804
tabocas do brejo velho;12367
taboleiro grande;2411
tabuleiro;4095
tabuleiro do norte;32196
tacaimbo;14380
tacaratu;24986
taciba;6434
tacima;7662
tacuru;11248
taguai;13124
taguatinga;14153
taiacu;5737
tailandia;75062
taio;19003
taiobeiras;34675
taipas do tocantins;2099
taipu;11701
taiuva;6804
talisma;2501
tamandare;24796
tamarana;10444
tambau;21620
tamboara;4999
tamboril;25314
tamboril do piaui;3050
tanabi;26116
tangara;13565
tangara da serra;116637
tangua;32868
tanhacu;21828
tanque d arca;5905
tanque do piaui;2306
tanque novo;17815
tanquinho;7998
taparuba;3523
tapaua;20849
tapejara;16404
tapera;10824
taperoa;14342
tapes;14919
tapira;4217
tapirai;1690
tapiramuta;16200
tapiratiba;11875
tapurah;16001
taquara;54353
taquaracu de minas;4399
taquaral;2645
taquaral de goias;4213
taquarana;19431
taquari;25963
taquaritinga;53212
taquaritinga do norte;25523
taquarituba;24995
taquarivai;7223
taquarucu do sul;3192
taquarussu;3748
tarabai;6631
tarauaca;47090
tarrafas;7525
tartarugalzinho;13846
taruma;15375
tarumirim;15134
tasso fragoso;9150
tatui;129640
taua;65035
taubate;323380
tavares;14482
tefe;81046
teixeira;15173
teixeira de freitas;154114
teixeira soares;9495
teixeiras;12745
teixeiropolis;4507
tejucuoca;17665
tejupa;4098
telemaco borba;77798
telha;3405
tenente ananias;10632
tenente laurentino cruz;6183
tenente portela;14820
tenorio;3095
teodoro sampaio;7261
teofilandia;21824
teofilo otoni;143115
teolandia;15809
teotonio vilela;39137
terenos;18223
teresina;908012
teresina de goias;2636
teresopolis;176772
terezinha;6850
terezopolis de goias;8435
terra alta;10858
terra boa;18278
terra de areia;10575
terra nova;9241
terra nova do norte;10541
terra rica;14938
terra roxa;7947
terra santa;19912
tesouro;2893
teutonia;34024
theobroma;8383
tiangua;87757
tibagi;20408
tibau;5816
tibau do sul;18302
tiete;38749
tigrinhos;2589
tijucas;60560
tijucas do sul;18646
timbauba;47069
timbauba dos batistas;2428
timbe do sul;5512
timbiras;27314
timbo;50613
timbo grande;7536
timburi;2478
timon;183123
timoteo;84253
tio hugo;3363
tiradentes;8102
tiradentes do sul;5188
tiros;8287
tobias barreto;52943
tocantinia;7851
tocantinopolis;23246
tocantins;16631
tocos do moji;3890
toledo;7705
tomar do geru;12047
tomazina;8500
tombos;8609
tome acu;73762
tonantins;20417
toritama;44183
torixoreu;4245
toropi;2594
torre de pedra;2049
torres;43346
torrinha;9484
touros;34412
trabiju;1728
tracuateua;30612
tracunhaem;14481
traipu;24099
trairao;15484
trairi;62466
trajano de moraes;10654
tramandai;56432
travesseiro;2192
tremedal;16604
tremembe;53734
tres arroios;2636
tres barras;20674
tres barras do parana;11115
tres cachoeiras;11224
tres coracoes;78492
tres coroas;24428
tres de maio;25466
tres forquilhas;2813
tres fronteiras;7102
tres lagoas;145514
tres marias;30040
tres palmeiras;4829
tres passos;26304
tres pontas;57325
tres ranchos;2981
tres rios;82329
treviso;3939
treze de maio;7679
treze tilias;9749
trindade;32414
trindade do sul;7785
triunfo;10369
triunfo potiguar;3480
trizidela do vale;23137
trombas;3054
trombudo central;7661
tubarao;117924
tucano;51067
tucuma;43270
tucunduva;5646
tucurui;96004
tufilandia;5634
tuiuti;7002
tumiritinga;5937
tunapolis;5108
tunas;3732
tunas do parana;6859
tuneiras do oeste;8028
tuntum;37331
tupa;65447
tupaciguara;26679
tupanatinga;30149
tupanci do sul;1396
tupancireta;20324
tupandi;5172
tuparendi;8535
tuparetama;8269
tupassi;8213
tupi paulista;16307
tupirama;2045
tupiratins;1875
turiacu;39070
turilandia;33383
turiuba;1832
turmalina;20882
turucu;3488
tururu;16720
turvania;4422
turvelandia;5210
turvo;14110
turvolandia;5114
tutoia;55107
uarini;15815
uaua;25457
uba;107613
ubai;11993
ubaira;19118
ubaitaba;17797
ubajara;34531
ubaporanga;13543
ubarana;5461
ubata;15605
ubatuba;97541
uberaba;359275
uberlandia;768339
ubirajara;5310
ubirata;25928
ubiretama;2025
uchoa;10698
uibai;13891
uiramuta;16809
uirapuru;2786
uirauna;15475
ulianopolis;39153
umari;6934
umarizal;10639
umbauba;24693
umburanas;13692
umburatiba;2743
umbuzeiro;9248
umirim;17701
umuarama;124077
una;18117
unai;91884
uniao;48067
uniao da serra;1183
uniao da vitoria;56701
uniao de minas;3789
uniao do oeste;2784
uniao do sul;3910
uniao dos palmares;60855
uniao paulista;1629
uniflor;2086
unistalda;2047
upanema;14080
urai;10242
urandi;15759
urania;8973
urbano santos;34216
uru;1428
uruacu;44907
uruana;13843
uruana de minas;3369
uruara;45984
urubici;11079
uruburetama;22460
urucania;10921
urucara;19738
urucuca;22178
urucui;27031
urucuia;18727
urucurituba;26373
uruguaiana;120818
uruoca;14369
urupa;11254
urupema;2771
urupes;14104
urussanga;21539
urutai;3733
utinga;16603
vacaria;66147
vale de sao domingos;3043
vale do anari;8178
vale do paraiso;6740
vale do sol;10069
vale real;6223
vale verde;3213
valenca;90075
valenca do piaui;23121
valente;25138
valentim gentil;14727
valinhos;132862
valparaiso;24830
valparaiso de goias;223210
vanini;2047
vargeao;3729
vargem;10915
vargem alegre;5768
vargem alta;20413
vargem bonita;2208
vargem grande;44359
vargem grande do rio pardo;4721
vargem grande do sul;41283
vargem grande paulista;52574
varginha;144503
varjao;3772
varjao de minas;7363
varjota;18754
varre sai;10565
varzea;5391
varzea alegre;40980
varzea branca;5189
varzea da palma;34475
varzea da roca;14308
varzea do poco;8325
varzea grande;4524
varzea nova;13883
varzea paulista;119923
varzedo;10357
varzelandia;19206
vassouras;35908
vazante;20483
venancio aires;70842
venda nova do imigrante;25630
venha ver;2976
ventania;9742
venturosa;17605
vera;10930
vera cruz;11061
vera cruz do oeste;8131
vera mendes;3283
veranopolis;24554
verdejante;9492
verdelandia;7706
vere;8080
vereda;6076
veredinha;5223
verissimo;3476
vermelho novo;5062
vertente do lerio;7770
vertentes;23286
vespasiano;140004
vespasiano correa;1851
viadutos;4847
viamao;231994
viana;53229
vianopolis;15808
vicencia;26522
vicente dutra;4741
vicentina;6534
vicentinopolis;9271
vicosa;1909
vicosa do ceara;63316
victor graeff;2825
vidal ramos;6263
videira;59839
vieiras;3781
vieiropolis;4961
vigia;54309
vila bela da santissima trindade;17798
vila boa;4106
vila flor;3318
vila flores;3741
vila langaro;2121
vila maria;4515
vila nova do piaui;2969
vila nova do sul;3932
vila nova dos martirios;10549
vila pavao;9340
vila propicio;6073
vila rica;19545
vila valerio;14289
vila velha;510512
vilhena;110708
vinhedo;79477
viradouro;17689
virgem da lapa;11686
virginia;9184
virginopolis;10503
virgolandia;4416
virmond;3818
visconde do rio branco;40809
viseu;62398
vista alegre;2710
vista alegre do alto;8405
vista alegre do prata;1624
vista gaucha;2843
vista serrana;3784
vitor meireles;5524
vitoria;343935
vitoria brasil;1830
vitoria da conquista;398970
vitoria das missoes;3316
vitoria de santo antao;142419
vitoria do jari;11877
vitoria do mearim;31866
vitoria do xingu;16686
vitorino;10724
vitorino freire;31933
volta grande;4411
volta redonda;280006
votorantim;134103
votuporanga;100935
wagner;9883
wall ferraz;4185
wanderlandia;10718
wanderley;13481
wenceslau braz;2368
wenceslau guimaraes;25835
westfalia;3223
witmarsum;4569
xambioa;10591
xambre;5822
xangri la;16949
xanxere;55573
xapuri;19244
xavantina;3462
xaxim;35058
xexeu;11615
xinguara;58508
xique xique;47056
zabele;2335
zacarias;2784
ze doca;41704
zortea;4342
